offer_id,candidate_id,generated_at,sent_at,status,salary_inr,role_title,expiry_at
4a40a734-9a42-405b-85b1-89d2a3b409ba,aa43c70f-9b36-4951-a785-a9ac37c2f321,2026-06-09T13:53:20Z,,generated,1570237,Operations Lead,2026-06-16T13:53:20Z
3f270996-6702-48dc-99f3-2157d72dd8fa,2eb35291-e8c2-44b7-980b-6fea64b3f0f5,2026-06-06T09:55:07Z,,generated,1648285,DevOps Engineer,2026-06-13T09:55:07Z
9769e1af-6fe6-4187-bf54-0e0fe51c13f1,8a84d38b-1019-4706-a60d-f8daa92ef193,2026-04-20T19:21:31Z,2026-04-20T20:56:31Z,signed,2805336,Backend Engineer,2026-04-27T19:21:31Z
dd72f27e-3af5-4159-ad65-f425b6a6df99,d20a1657-8fe3-4592-8e9c-3779f2230f8e,2026-05-22T09:08:43Z,2026-05-22T10:03:43Z,signed,3151346,Sales Executive,2026-05-29T09:08:43Z
0cba1b13-b475-4011-b1d6-4340634ab347,76b16796-d230-4418-8867-993d16c02af3,2026-06-07T11:16:17Z,2026-06-07T12:29:17Z,signed,1416942,Software Engineer,2026-06-14T11:16:17Z
abef7954-dace-4f86-929c-6e74553ee844,b00c86df-7e3b-44c8-858a-b982d4472574,2026-06-06T08:02:38Z,2026-06-06T08:13:38Z,signed,1062452,Financial Analyst,2026-06-13T08:02:38Z
1d69854a-aeeb-4115-93c5-81767f6f0945,173aea5a-b393-460d-afd1-754009d6dc22,2026-05-12T21:21:40Z,2026-05-12T23:02:40Z,sent,1747074,Sales Executive,2026-05-19T21:21:40Z
98dc6fa3-40ae-4114-8f21-049187a782e5,7e9fe818-dd50-4a08-a92a-347e7a3512cf,2026-04-01T02:15:01Z,2026-04-01T03:43:01Z,viewed,1134274,Financial Analyst,2026-04-08T02:15:01Z
a217ab4c-4320-4e16-a32c-d7e81ee8a876,1b8e3877-08dd-4de8-89e0-58aa102ed177,2026-06-24T17:13:08Z,,generated,2065115,DevOps Engineer,2026-07-01T17:13:08Z
cea73e16-170e-4f9c-8afd-a3f13ea20488,4660b3dc-1efd-4840-bba7-72d822e0c573,2026-06-10T03:45:33Z,,generated,1614112,Content Strategist,2026-06-17T03:45:33Z
006f08fc-0c9b-4a62-b485-ca976d311b47,d0cb8438-65f5-4bff-9f4b-4aee2650e95b,2026-06-27T08:18:10Z,2026-06-27T09:40:10Z,signed,962875,ML Engineer,2026-07-04T08:18:10Z
78e581a6-c7a7-4d77-b9cb-87fffd3ca07f,968b95de-7ee5-430e-85a0-2b831514e29c,2026-05-13T19:19:46Z,2026-05-13T21:07:46Z,signed,1813950,DevOps Engineer,2026-05-20T19:19:46Z
a6673ddd-8fe8-4384-b65f-8658bd4babcc,f8770d6e-1559-4251-85a4-af1283d2a71c,2026-05-04T02:52:14Z,2026-05-04T03:21:14Z,viewed,763804,Financial Analyst,2026-05-11T02:52:14Z
e4906051-af2e-49ab-aab6-3f6eba9d6bd0,0a881485-d628-43ba-a18b-80dd8e448d99,2026-06-10T07:19:31Z,,generated,2402587,Marketing Specialist,2026-06-17T07:19:31Z
c6090896-67aa-4ecb-a664-840e158e3f57,f0a83603-ab02-4ba2-8dc3-a589b3118dd1,2026-06-27T13:58:53Z,2026-06-27T14:33:53Z,signed,1908070,Frontend Engineer,2026-07-04T13:58:53Z
e16ad1fc-2949-4832-8a44-47ce16c6c53b,817adaa9-b180-477e-8a5b-488dc7958d3a,2026-06-22T05:08:12Z,2026-06-22T06:12:12Z,signed,892477,Backend Engineer,2026-06-29T05:08:12Z
193edfa6-aac2-49f1-be83-33e843b51eaa,f8770d6e-1559-4251-85a4-af1283d2a71c,2026-05-23T13:27:27Z,2026-05-23T14:00:27Z,sent,2405640,Product Manager,2026-05-30T13:27:27Z
5e3e4fb0-2639-4daf-9e98-553282eafab7,2c767588-89d0-4912-8d5b-51103c77b1ae,2026-04-16T15:32:54Z,,generated,1967096,Financial Analyst,2026-04-23T15:32:54Z
ac0b84b0-2ef0-416c-b803-5ac6fd3e854b,a5417542-a21d-45e5-adad-3a6d98d23515,2026-03-31T14:55:33Z,2026-03-31T16:08:33Z,viewed,3702472,Data Analyst,2026-04-07T14:55:33Z
b299305b-0312-468d-ae46-67de3803ea7c,83d43790-bacf-4c68-affe-2721e53af4df,2026-05-15T20:53:55Z,2026-05-15T21:44:55Z,signed,1028526,Product Manager,2026-05-22T20:53:55Z
a3835354-fe89-4f12-8f8e-6cae37cd2f02,c2e3dd45-677d-4d12-b8d2-4fc9a216cec5,2026-04-06T06:48:00Z,2026-04-06T07:07:00Z,signed,953414,Operations Lead,2026-04-13T06:48:00Z
44860eda-11bf-4358-bd60-d589b069e091,4733e68d-5fc2-4cb7-8667-04ed6992b572,2026-05-14T21:28:45Z,2026-05-14T22:44:45Z,signed,706308,Software Engineer,2026-05-21T21:28:45Z
3876c5aa-9bdb-4b8b-b391-d1f03cae3e05,7ca36ff2-f173-4e4c-a319-083dea5e5685,2026-05-25T19:05:11Z,2026-05-25T20:19:11Z,sent,689487,Content Strategist,2026-06-01T19:05:11Z
a966f06e-9dad-4a9d-894c-7807922db518,89e1de2e-5220-4ad6-a7fd-e33bf367223e,2026-06-25T03:56:57Z,2026-06-25T04:24:57Z,signed,1983334,Financial Analyst,2026-07-02T03:56:57Z
a38d0cab-0dee-499d-b13d-422fb4e1bc8b,e3fcb52b-1ed5-4d82-b8b6-32b4e716bd82,2026-04-22T23:01:11Z,,generated,2661989,Product Manager,2026-04-29T23:01:11Z
d71aba34-8dae-403b-a0b8-42e81301e2dc,b211aa7e-73be-462a-b276-da94a58a7bc8,2026-06-16T17:27:41Z,2026-06-16T18:40:41Z,viewed,3571646,Software Engineer,2026-06-23T17:27:41Z
e2331b22-39b1-4900-b722-0e8fc7f8e73e,2eb35291-e8c2-44b7-980b-6fea64b3f0f5,2026-05-14T07:01:10Z,2026-05-14T08:15:10Z,signed,3440970,DevOps Engineer,2026-05-21T07:01:10Z
6f9e2ea3-f68b-4fff-9152-dd972c13b088,f9cfa7ee-9c95-451b-8059-c04341abafc7,2026-06-25T02:49:30Z,2026-06-25T03:47:30Z,signed,3218671,Frontend Engineer,2026-07-02T02:49:30Z
8f5e4a6a-8202-464f-b6d8-e47b79f2f6ba,fb18bbc7-58a7-42d5-b4c4-8e479d97b487,2026-06-04T11:37:30Z,2026-06-04T12:33:30Z,viewed,987771,Operations Lead,2026-06-11T11:37:30Z
95743273-3516-46e1-9a7d-bc0804c6764b,c68bcc2c-85f9-4533-ac7d-811af3774fa2,2026-06-05T12:15:39Z,2026-06-05T13:53:39Z,viewed,1393647,Sales Executive,2026-06-12T12:15:39Z
d409eb64-09d5-40f7-8c9e-9fd106ee6f00,3f8d5769-7da6-4f9c-9572-7fdb8d8d7527,2026-04-25T03:29:25Z,2026-04-25T04:26:25Z,viewed,1134561,Backend Engineer,2026-05-02T03:29:25Z
0d04b196-acfa-486a-8fe7-f398a437028a,3c05ea29-cdcf-461c-9127-c27c5b98723f,2026-05-05T06:40:15Z,2026-05-05T07:29:15Z,sent,3215814,Financial Analyst,2026-05-12T06:40:15Z
131bb742-6024-40b7-9f81-54b77763d4a4,8cbac1f0-0202-4676-b089-a4556559afd9,2026-05-28T07:11:30Z,2026-05-28T08:08:30Z,viewed,3962394,UX Designer,2026-06-04T07:11:30Z
41f2a32a-95c7-4cae-8ed2-01f103991c3d,f51d7c29-e8f5-472d-93a5-d79ea3633360,2026-04-05T23:40:51Z,2026-04-06T01:28:51Z,signed,1418622,Sales Executive,2026-04-12T23:40:51Z
e868a4ff-98b1-4ed6-a043-abc637108d36,102481c1-ab00-46d9-a728-649c6d4bff3c,2026-05-27T04:19:42Z,2026-05-27T05:21:42Z,viewed,1526009,Financial Analyst,2026-06-03T04:19:42Z
64fcc0e8-2271-4fea-b94b-91199290297f,ee8fd3c6-edbf-4a2d-b910-f9fd07fea779,2026-04-04T10:12:49Z,2026-04-04T11:59:49Z,signed,464314,UX Designer,2026-04-11T10:12:49Z
8a4bdcf2-5a6f-41ec-9402-8f524abe5243,b74ae3ca-f8f9-4070-9d16-aa76633f1f0e,2026-04-17T06:08:04Z,2026-04-17T07:49:04Z,signed,1748951,DevOps Engineer,2026-04-24T06:08:04Z
510d555e-6734-4678-b151-5823d5e78790,c3692842-35ed-40da-8c0b-70265520e140,2026-05-22T06:53:26Z,2026-05-22T08:21:26Z,signed,2369185,DevOps Engineer,2026-05-29T06:53:26Z
2a80a5da-dff4-4eb3-ab29-57d25d3abc39,0759e167-ec18-4828-ad3f-2e37bb16e4e7,2026-03-31T11:21:08Z,2026-03-31T12:06:08Z,rejected,2829101,Frontend Engineer,2026-04-07T11:21:08Z
992e61ed-1722-48fc-8436-75fa15541c47,9078ea08-64d1-4349-bc80-dec440d78f27,2026-05-30T14:02:56Z,2026-05-30T14:49:56Z,signed,3846006,HR Business Partner,2026-06-06T14:02:56Z
b4ae4596-2148-4bd8-bc73-fb37f85c359b,d3894d34-1af6-4296-b18e-658e031591dd,2026-05-14T12:05:15Z,2026-05-14T13:51:15Z,signed,3202699,Software Engineer,2026-05-21T12:05:15Z
661bee25-26d5-4e28-adad-5b121d08a088,8a22809e-c130-4e6c-8453-8c8b31ad5c5f,2026-05-19T04:57:12Z,2026-05-19T06:22:12Z,signed,3196572,Content Strategist,2026-05-26T04:57:12Z
e961b08b-05de-48fb-a04c-74cc2c0a256c,0cf7cd23-f4a8-43ac-9001-dbec2c24e576,2026-04-25T05:39:11Z,2026-04-25T05:44:11Z,signed,471901,Operations Lead,2026-05-02T05:39:11Z
0ba5e29c-d160-4c46-bc05-b741cf4beadd,034a44c1-9e41-4c8f-8e13-d2acb1964906,2026-04-10T23:23:24Z,,generated,1151899,Data Analyst,2026-04-17T23:23:24Z
0da7ac26-d760-44a1-810c-c007ce48eedc,abe5f117-bce1-46d2-838d-45bb278f5550,2026-05-08T07:59:25Z,2026-05-08T08:28:25Z,signed,2325176,Legal Counsel,2026-05-15T07:59:25Z
8fddbcbd-83e7-4890-a316-f7fd2bf73837,5e860605-2510-437f-89df-bba7b7171a7c,2026-04-21T13:13:06Z,2026-04-21T14:45:06Z,viewed,532894,Data Analyst,2026-04-28T13:13:06Z
e76a0de1-1663-4230-ae8a-8b42d0ee81c4,36a1b001-912e-468f-8a02-4435de100e44,2026-05-22T10:08:51Z,2026-05-22T11:13:51Z,signed,2773374,ML Engineer,2026-05-29T10:08:51Z
b69fb12b-d00a-4a69-a764-da58277ee264,0a881485-d628-43ba-a18b-80dd8e448d99,2026-04-02T08:52:56Z,2026-04-02T09:02:56Z,signed,2677635,Legal Counsel,2026-04-09T08:52:56Z
3cb9c35f-fa6f-4744-987f-7854d6814699,1cda7e41-8870-4b7d-be37-6c0aef7976be,2026-06-10T19:58:14Z,,generated,1719044,Software Engineer,2026-06-17T19:58:14Z
90f8a44b-e7e8-4157-b6c3-4213c7efc730,dcff5d40-1852-4496-8419-69bfe8e4da8c,2026-05-02T06:00:13Z,2026-05-02T07:50:13Z,signed,2032241,Backend Engineer,2026-05-09T06:00:13Z
044f3764-eddb-4705-b3fd-e47d0eb460af,7f772bfc-5b05-402d-b5b3-f3f43c82f324,2026-05-27T00:54:37Z,2026-05-27T02:33:37Z,signed,1373682,ML Engineer,2026-06-03T00:54:37Z
d9d880b1-1697-4b04-9c62-4d08ba1a4c7f,dbe897b9-1e11-4f9d-9db8-09079c6f4dea,2026-05-26T04:15:29Z,2026-05-26T05:38:29Z,sent,2063893,DevOps Engineer,2026-06-02T04:15:29Z
727660dd-e78e-454b-a1df-76654d40f814,8107050b-7667-4fd4-86d6-f991d3edbcbe,2026-06-25T08:51:50Z,2026-06-25T10:36:50Z,sent,2457740,UX Designer,2026-07-02T08:51:50Z
8330c2bb-0cd5-468d-98d9-5207250fc187,a89d8999-7168-4f47-bada-37ec72c35a8c,2026-05-05T13:13:32Z,,generated,2211301,Product Manager,2026-05-12T13:13:32Z
88784770-f8df-4177-bb58-329165416669,6b688373-9684-470d-a428-6c36e2d5c378,2026-04-25T02:25:11Z,2026-04-25T04:08:11Z,signed,3058773,Product Manager,2026-05-02T02:25:11Z
a82c022a-5dd4-4f1a-8877-a0eaff89a99c,e615fc26-a8ae-445a-a839-229df20e95c2,2026-05-28T11:58:59Z,2026-05-28T12:14:59Z,signed,2207659,HR Business Partner,2026-06-04T11:58:59Z
3d3c2f42-0b97-41cb-8c93-13ddee05e494,bbb8843b-568a-474d-8ac4-8d88c70f27e2,2026-05-05T09:15:32Z,2026-05-05T09:33:32Z,signed,1624096,Financial Analyst,2026-05-12T09:15:32Z
88075bb9-f572-4b09-b99d-2bd087a27fd4,0bda5231-c6fd-4d33-bd40-ca89cdc664c8,2026-04-13T14:18:04Z,2026-04-13T16:18:04Z,signed,1663036,Sales Executive,2026-04-20T14:18:04Z
d50fb07d-001a-4879-968e-4f9392b063a2,e517c96f-5220-44e6-97d3-9aecf76b0018,2026-06-14T01:50:38Z,2026-06-14T02:50:38Z,viewed,1434273,Frontend Engineer,2026-06-21T01:50:38Z
52d3cb69-2dbb-4481-958c-1ac4ab85b1c3,4660b3dc-1efd-4840-bba7-72d822e0c573,2026-05-01T14:13:39Z,2026-05-01T15:16:39Z,viewed,3001274,Financial Analyst,2026-05-08T14:13:39Z
86372bdd-2495-456d-a6e6-7ccd2ea9575a,9b8d7aab-0f31-43ae-9928-58fed6ce7ef2,2026-05-16T12:06:11Z,2026-05-16T13:55:11Z,signed,1622422,Frontend Engineer,2026-05-23T12:06:11Z
51144ea8-17bb-4109-a67f-ad3a85a03f85,d3894d34-1af6-4296-b18e-658e031591dd,2026-05-03T08:00:03Z,2026-05-03T08:46:03Z,signed,1154669,Backend Engineer,2026-05-10T08:00:03Z
ee72fb2d-3ad9-47ba-909f-dfb0a950d8a8,f5a553e4-3f0b-46d6-9c34-9d412670a52f,2026-06-25T15:10:40Z,,generated,2336183,Frontend Engineer,2026-07-02T15:10:40Z
ea7808a6-a294-4290-ac55-46c28ed90c80,23fff74b-cdfc-47d4-ae09-b7ef8b42ddb5,2026-05-16T16:13:22Z,2026-05-16T18:04:22Z,signed,1046523,Frontend Engineer,2026-05-23T16:13:22Z
85bd4262-76a4-4742-97ef-b97720070713,7ca36ff2-f173-4e4c-a319-083dea5e5685,2026-04-12T15:12:53Z,2026-04-12T16:14:53Z,sent,2410056,Legal Counsel,2026-04-19T15:12:53Z
edae15c9-0d8e-4a86-95d2-6d03f08548e9,126d75ca-042a-40d0-8aba-ad7068d559da,2026-05-07T08:43:50Z,2026-05-07T10:39:50Z,viewed,3807020,Operations Lead,2026-05-14T08:43:50Z
91a43565-2384-45d3-b422-781fa8bf61fd,4a2b808a-e69e-48ce-83bc-d98d6b8185a2,2026-06-17T15:02:51Z,2026-06-17T16:31:51Z,signed,3556980,Marketing Specialist,2026-06-24T15:02:51Z
a845e611-c0a9-4a97-b4e4-a750b8daeab2,034a44c1-9e41-4c8f-8e13-d2acb1964906,2026-06-17T23:01:41Z,2026-06-17T23:39:41Z,signed,2342227,DevOps Engineer,2026-06-24T23:01:41Z
b93853ce-ff5c-4949-9dc1-5d85df63c851,7c349d32-de89-4d95-8d42-5aec644ebc5e,2026-06-13T14:38:08Z,2026-06-13T14:46:08Z,rejected,1708162,Marketing Specialist,2026-06-20T14:38:08Z
f758ddc1-63fd-4acd-83c4-e5943f821312,254d48db-b4a9-4246-b8be-6bbaadc0831f,2026-04-13T02:24:55Z,2026-04-13T03:30:55Z,viewed,681749,Sales Executive,2026-04-20T02:24:55Z
37be595b-72c0-41ad-9edf-b4e2393d6ad3,97f271cc-abda-4d3e-8f21-cae49ec4343f,2026-04-10T14:01:36Z,2026-04-10T14:08:36Z,signed,2714879,Product Manager,2026-04-17T14:01:36Z
f4105865-8b0a-4c81-88dd-ab722afe7a4a,8d7d035d-c516-4cde-b0f5-0acd92c8ad93,2026-05-04T21:21:15Z,2026-05-04T22:25:15Z,signed,3492830,Legal Counsel,2026-05-11T21:21:15Z
96d45286-8671-4219-8f20-d809e5fa9ed3,6093ce6d-75b9-441a-b1f1-f0b1a9827f1c,2026-05-15T14:18:40Z,2026-05-15T15:12:40Z,signed,2651875,Product Manager,2026-05-22T14:18:40Z
60d22b0d-fd8a-4361-bd1a-793aa238da9f,0d85f6f7-a0d5-4e8f-a785-087b176a61e6,2026-05-27T14:17:49Z,2026-05-27T14:36:49Z,viewed,2030071,Legal Counsel,2026-06-03T14:17:49Z
5ba60b11-9501-41b3-a4b2-85a03a3fe1bc,630fc945-6205-4de2-875b-9a36de134b1e,2026-05-02T06:04:36Z,2026-05-02T06:54:36Z,viewed,1647574,Content Strategist,2026-05-09T06:04:36Z
ada2c6dc-8fcb-47fc-aa59-18778c4bf5b3,82333b2d-2e83-48da-825c-81fce055f612,2026-04-23T23:46:00Z,2026-04-24T00:06:00Z,signed,978257,Legal Counsel,2026-04-30T23:46:00Z
83296f40-f51d-446d-b5e8-24cb64a024a1,3ce7c264-289d-4c31-b188-928333a0e77d,2026-05-18T04:08:42Z,2026-05-18T05:34:42Z,signed,3931541,HR Business Partner,2026-05-25T04:08:42Z
1370daa5-82c3-4fe1-a503-9b6931b4cfc6,e47d0440-48ac-4791-8011-17e14ea94492,2026-04-05T05:05:02Z,2026-04-05T05:11:02Z,viewed,2476054,Financial Analyst,2026-04-12T05:05:02Z
025b264e-64dc-4377-b90b-b92632895399,a5d19017-f8f9-407a-a513-0bf8d9a6c7e4,2026-05-18T21:24:28Z,2026-05-18T22:25:28Z,signed,1343061,Operations Lead,2026-05-25T21:24:28Z
3f4d57d1-e8a4-474e-bd75-1e4b56a01b82,8a84d38b-1019-4706-a60d-f8daa92ef193,2026-06-11T21:56:29Z,2026-06-11T23:13:29Z,signed,3853098,Marketing Specialist,2026-06-18T21:56:29Z
8bd4d661-68e7-4ab7-8a78-ecf3dca0502e,8feb08f4-8244-4682-a263-966eafcb074e,2026-04-09T09:04:28Z,2026-04-09T10:46:28Z,rejected,1648681,ML Engineer,2026-04-16T09:04:28Z
8c419b7f-73e8-4837-ac34-6d34aee4b563,1cda7e41-8870-4b7d-be37-6c0aef7976be,2026-05-15T13:56:40Z,2026-05-15T15:51:40Z,viewed,3800333,Frontend Engineer,2026-05-22T13:56:40Z
a6e5c9b8-3269-4763-a6a2-ea06a2d52694,ca2a1bcb-9cde-4242-b456-3b1e3c197a7d,2026-04-05T15:30:29Z,2026-04-05T16:55:29Z,viewed,3778262,Software Engineer,2026-04-12T15:30:29Z
ade950db-7b0d-469a-8ad5-358e2cbf28fe,13ae922c-2af5-4a03-b892-bc5cbd24f4ad,2026-05-25T04:26:15Z,2026-05-25T05:47:15Z,signed,968701,DevOps Engineer,2026-06-01T04:26:15Z
8c819f51-d66e-4c4c-8807-656f81592297,79fee2a4-ca06-47a4-89a7-358822d79661,2026-06-22T11:45:02Z,,generated,3151028,Product Manager,2026-06-29T11:45:02Z
c288c6be-81ca-409c-af46-ce6e109a57fd,b8480a6d-009c-4f8d-afb4-f8ce53482a8d,2026-06-04T00:06:24Z,2026-06-04T00:52:24Z,signed,1973586,HR Business Partner,2026-06-11T00:06:24Z
569b7aaf-d1a2-41c9-989f-198eb71de0bd,dbe897b9-1e11-4f9d-9db8-09079c6f4dea,2026-04-27T17:26:14Z,2026-04-27T19:09:14Z,signed,1772750,Legal Counsel,2026-05-04T17:26:14Z
764f00a3-09a6-4b78-a461-6d33c8d9c4a4,557e81d4-c9e8-4c65-a68e-83d7dd8239fd,2026-04-04T21:11:42Z,2026-04-04T22:49:42Z,signed,1313644,Financial Analyst,2026-04-11T21:11:42Z
3fefaa99-28cd-4f79-af16-1fcc1fba3c54,5ba00f81-9054-48e3-bfdb-8cae319d9503,2026-05-11T05:07:39Z,2026-05-11T06:58:39Z,signed,3262830,DevOps Engineer,2026-05-18T05:07:39Z
4d6fb9e9-95f2-424f-a4c3-6c7e1f1799cb,fb18bbc7-58a7-42d5-b4c4-8e479d97b487,2026-06-23T18:50:31Z,2026-06-23T20:35:31Z,rejected,2194320,UX Designer,2026-06-30T18:50:31Z
1cd3bb28-6f05-43f1-93ce-c29c6377f634,b8480a6d-009c-4f8d-afb4-f8ce53482a8d,2026-04-03T14:20:37Z,2026-04-03T14:45:37Z,sent,1549320,Data Analyst,2026-04-10T14:20:37Z
c9b81206-f0d8-49ae-81d2-85aad5b570fe,0a61c7bf-5efc-48bd-b509-7b4a059adfb2,2026-06-03T22:26:51Z,2026-06-03T23:56:51Z,sent,1094262,Software Engineer,2026-06-10T22:26:51Z
918c68da-1fc7-42e3-86f8-7330319cb863,589b4c3d-299f-4f20-b420-efe3de3edc94,2026-04-28T12:07:59Z,2026-04-28T13:41:59Z,signed,956583,Legal Counsel,2026-05-05T12:07:59Z
9250bd97-1dba-473b-a10e-a3c70d8acc45,a995b464-7b42-4c7d-a443-e1489e624a41,2026-05-08T19:30:14Z,2026-05-08T19:36:14Z,viewed,954382,HR Business Partner,2026-05-15T19:30:14Z
d224c649-e04b-405f-a759-fe3330635d44,c516cc06-bdfa-4fdb-a0e8-0d8bf1d0ec63,2026-06-06T00:24:43Z,2026-06-06T02:02:43Z,signed,3558972,ML Engineer,2026-06-13T00:24:43Z
c53eb74f-775a-4a65-9cfd-53e75166e3f7,fcb3271c-40ee-463f-a6e5-fc6e7d097fa6,2026-04-26T22:54:58Z,,generated,999169,Data Analyst,2026-05-03T22:54:58Z
4746e3a0-2194-4da8-b556-56ee0c808901,b00c86df-7e3b-44c8-858a-b982d4472574,2026-05-04T13:19:59Z,2026-05-04T14:47:59Z,signed,3279667,HR Business Partner,2026-05-11T13:19:59Z
57373252-fa03-4caa-b11f-77e6eeaa961b,d0eaf596-063e-46b3-a95a-952e5157c04b,2026-06-19T19:53:57Z,2026-06-19T20:15:57Z,signed,1561686,Backend Engineer,2026-06-26T19:53:57Z
14ca23a3-86d6-4e9a-a073-4913163eafff,82333b2d-2e83-48da-825c-81fce055f612,2026-06-04T03:37:33Z,2026-06-04T04:58:33Z,signed,2571597,Legal Counsel,2026-06-11T03:37:33Z
6ea19645-ec1c-42ee-b7f4-e40af71cc2cd,df344c63-c186-4d9c-bfb0-195d3c5d4c6e,2026-06-09T22:19:07Z,2026-06-09T23:01:07Z,signed,2615794,Content Strategist,2026-06-16T22:19:07Z
dd89f080-f63b-4db2-9904-4f1e62373793,539d430f-87f3-4aa5-bba2-3860dd9c1e3a,2026-05-24T04:28:37Z,,generated,953576,Financial Analyst,2026-05-31T04:28:37Z
6d31fec8-7c77-470b-bd6e-d352a6ca0426,5ee00a17-8fa0-470b-8a38-95f67a9d8feb,2026-05-18T09:12:49Z,2026-05-18T10:44:49Z,signed,653624,DevOps Engineer,2026-05-25T09:12:49Z
402d0167-a3d0-4b16-94d2-8829424fc3b5,e653c0b3-a724-49f8-bc90-350976c50e93,2026-05-10T01:24:31Z,2026-05-10T03:00:31Z,rejected,2983888,Product Manager,2026-05-17T01:24:31Z
e1ed91f3-acd3-48bd-aa69-8b5bd0531240,36ab1a38-f596-4a58-b038-b3f8d71234ce,2026-06-20T03:06:05Z,2026-06-20T04:16:05Z,sent,3789249,Product Manager,2026-06-27T03:06:05Z
b45b1e5e-f6f3-44a4-9839-f2abdf679df3,8eaab8fd-9fdc-48d4-8da8-37be62360d0f,2026-05-27T12:30:48Z,2026-05-27T13:56:48Z,signed,1400917,Software Engineer,2026-06-03T12:30:48Z
bab70195-e7a8-43d2-9e40-33e2b354f51f,5e3e8c08-e76d-4f28-97ba-a6b001241057,2026-06-19T21:00:23Z,,generated,886482,HR Business Partner,2026-06-26T21:00:23Z
5c1264e3-1f90-4bc7-950b-9b17bd38b638,83101cad-b189-4a86-8f09-962f9edd945a,2026-05-29T05:11:55Z,2026-05-29T06:40:55Z,viewed,1087163,HR Business Partner,2026-06-05T05:11:55Z
cc08895a-aec3-4001-b1cc-b872f762a3ac,dc2b200d-8e85-4635-a9b4-950ebe7564ff,2026-05-08T11:12:22Z,2026-05-08T13:02:22Z,signed,3635613,Content Strategist,2026-05-15T11:12:22Z
311a82d6-769b-47cd-b1bf-e232ddbdb1d0,6f482d7e-056e-462b-8e89-7d981d617246,2026-05-26T17:15:52Z,2026-05-26T17:54:52Z,viewed,2480993,HR Business Partner,2026-06-02T17:15:52Z
13e44154-69bd-4b3f-a220-733e3ef209b5,f2d449ec-4ead-45db-bb5e-dc44e2239ee3,2026-05-24T06:44:50Z,2026-05-24T08:38:50Z,signed,1357997,Frontend Engineer,2026-05-31T06:44:50Z
b0a85a7b-34f2-433a-9547-bb29f76e26cb,df344c63-c186-4d9c-bfb0-195d3c5d4c6e,2026-06-27T23:54:42Z,2026-06-28T01:49:42Z,signed,548325,Operations Lead,2026-07-04T23:54:42Z
c4faabf3-8154-45ab-b2a6-1669de26b0de,93d3f384-122c-4b9a-8162-9ebf97da9810,2026-06-06T10:44:18Z,2026-06-06T11:42:18Z,sent,1741905,Sales Executive,2026-06-13T10:44:18Z
085abfb9-5a5f-4ea2-a39a-e1d6c175fd7d,6d1348a1-3f2f-4527-aca9-384f91700237,2026-05-03T18:07:17Z,2026-05-03T19:16:17Z,signed,3644409,ML Engineer,2026-05-10T18:07:17Z
9a117e56-44f0-43f6-8003-462a1a3d9580,ff3a849a-ed0b-4641-8fde-c780e51a7350,2026-05-27T11:13:49Z,2026-05-27T12:16:49Z,signed,1944651,Legal Counsel,2026-06-03T11:13:49Z
0de1c17f-90e0-47ee-b318-5d4f1d289742,a7e6389d-2c02-4ffd-a082-a5193a422fa6,2026-04-14T05:34:39Z,2026-04-14T07:12:39Z,sent,3589693,DevOps Engineer,2026-04-21T05:34:39Z
e3dddbc7-0db5-48ba-bda8-074579e698c6,1edab7ba-752c-47d7-9780-38fb69d62e29,2026-06-13T15:03:06Z,2026-06-13T16:00:06Z,signed,2622203,UX Designer,2026-06-20T15:03:06Z
dc3d47e0-30ff-442a-8b09-8a23515d2cf9,93d3f384-122c-4b9a-8162-9ebf97da9810,2026-05-11T11:23:11Z,,generated,997157,Frontend Engineer,2026-05-18T11:23:11Z
b730afb1-7c7c-41f8-a1fa-3a473cd827b0,f1d2ebd2-0ced-4d26-9de9-777cce0be121,2026-06-19T05:07:44Z,2026-06-19T05:41:44Z,sent,2580028,Financial Analyst,2026-06-26T05:07:44Z
8b5e851d-c69b-45d8-9ffb-204c8174a3e7,96ab946b-4b9e-4d1f-b34a-3bd15450ddcd,2026-05-14T17:36:44Z,,generated,756106,Legal Counsel,2026-05-21T17:36:44Z
4038d59d-e8af-4051-a069-9923c8a616a1,0a881485-d628-43ba-a18b-80dd8e448d99,2026-05-10T04:09:53Z,2026-05-10T05:58:53Z,signed,3968990,Marketing Specialist,2026-05-17T04:09:53Z
78fa9368-922e-4d69-a929-3326874baf4c,caaea3ea-88ed-4963-9cbc-b91794c4d7ca,2026-04-21T05:05:16Z,2026-04-21T05:51:16Z,signed,857065,Product Manager,2026-04-28T05:05:16Z
a12e55bd-39a7-40c0-9c0a-4e364530ae62,55854bdd-257c-4b78-a24d-620d50159306,2026-06-12T06:52:31Z,2026-06-12T07:37:31Z,viewed,1693136,HR Business Partner,2026-06-19T06:52:31Z
2ced1319-3d25-4b37-a193-d574ab7aad30,6ff4ecf4-e286-4077-8866-ae043010a904,2026-04-06T11:28:10Z,2026-04-06T11:53:10Z,rejected,782574,Frontend Engineer,2026-04-13T11:28:10Z
2a4b4512-a78a-4c4a-af3d-85a188b2f10d,f0a83603-ab02-4ba2-8dc3-a589b3118dd1,2026-05-24T16:57:22Z,2026-05-24T17:08:22Z,signed,1447957,Data Analyst,2026-05-31T16:57:22Z
2b6927fd-24ad-42ce-b81a-b36cd4b797c0,01890a48-39f7-4f8b-a5f8-f1429e5ec9ab,2026-06-18T08:26:08Z,2026-06-18T08:48:08Z,signed,3104004,Data Analyst,2026-06-25T08:26:08Z
c146fa38-9110-4662-81aa-c1604fd9bfe0,79861fa6-f8f1-48ff-bf07-8f438abcc644,2026-05-02T08:08:28Z,2026-05-02T09:57:28Z,viewed,940190,Data Analyst,2026-05-09T08:08:28Z
3f29b938-f088-406c-9000-f36053288fbd,a58619c2-58b9-4f27-8fd0-bc1aed52242a,2026-06-16T08:23:12Z,2026-06-16T09:27:12Z,viewed,523657,Financial Analyst,2026-06-23T08:23:12Z
fa57310f-47b9-4143-868c-382c934b1969,79ee0e2c-0017-4e93-b8b1-19bd7b2ed07a,2026-06-11T11:13:37Z,2026-06-11T11:41:37Z,signed,2492503,Financial Analyst,2026-06-18T11:13:37Z
7b3a56fa-44d3-4b35-b2cf-ce1ddad62a1b,f5a553e4-3f0b-46d6-9c34-9d412670a52f,2026-05-12T17:40:26Z,2026-05-12T18:20:26Z,signed,2680261,DevOps Engineer,2026-05-19T17:40:26Z
343b6dd5-732d-441b-aae3-51fb1524e470,1dca675a-cd3f-4f07-aaee-77830a5846f2,2026-05-22T02:36:42Z,2026-05-22T03:26:42Z,viewed,2028989,Sales Executive,2026-05-29T02:36:42Z
36968740-ce22-4180-ae19-a60b660e7e63,ae2a0ad7-2578-4da4-a25e-7e75f10a9e33,2026-06-25T17:09:56Z,2026-06-25T17:42:56Z,viewed,1899182,DevOps Engineer,2026-07-02T17:09:56Z
2783c004-534e-4bea-afdd-40684c64e864,ecfb5b85-8fc0-4d2f-950d-e169de517ccc,2026-06-05T15:31:18Z,,generated,819993,UX Designer,2026-06-12T15:31:18Z
b0a1615d-86a8-44c7-9430-33bea7ae2d8b,93bdb923-0f6c-40f6-8a60-bee8ff68649a,2026-06-02T08:50:38Z,2026-06-02T10:36:38Z,sent,634497,DevOps Engineer,2026-06-09T08:50:38Z
4550506a-7b7b-4215-b6d1-1e82e2167d8f,8c3f148c-4e6f-4992-9700-10d595fb3efb,2026-05-03T08:26:13Z,2026-05-03T10:13:13Z,signed,2881192,Software Engineer,2026-05-10T08:26:13Z
a8b596f8-f9d5-490c-ba82-941ba9838c3a,d07d0669-3b03-4ad8-acf5-6fbd9785829a,2026-05-04T03:10:24Z,2026-05-04T04:27:24Z,sent,3909360,DevOps Engineer,2026-05-11T03:10:24Z
b358affe-c7cf-40b5-8ac2-98cbc132dfbe,e517c96f-5220-44e6-97d3-9aecf76b0018,2026-05-06T14:39:18Z,2026-05-06T15:46:18Z,signed,2975867,UX Designer,2026-05-13T14:39:18Z
90c348cc-d596-46de-b091-fd0784dd8b86,b3953fb2-5d65-42a2-89fb-f105f253f7e5,2026-05-26T03:52:14Z,2026-05-26T05:39:14Z,signed,865234,ML Engineer,2026-06-02T03:52:14Z
a0e5c855-8f4a-4831-8378-43addf3eb076,83d43790-bacf-4c68-affe-2721e53af4df,2026-04-05T16:23:30Z,2026-04-05T16:37:30Z,signed,3471707,Financial Analyst,2026-04-12T16:23:30Z
403054ff-4723-4e2c-ba3e-cb7c764f7c78,ac911a9b-5ad8-427e-a3b7-dce9a64db43d,2026-04-26T05:11:50Z,2026-04-26T06:46:50Z,sent,3309003,Content Strategist,2026-05-03T05:11:50Z
b53b640b-51a6-4142-a2c4-dbcc5cf5deec,2f3877be-8b1a-4198-8a87-4ee769d78356,2026-06-06T13:42:59Z,2026-06-06T15:31:59Z,rejected,2042495,ML Engineer,2026-06-13T13:42:59Z
9f4b8480-51a4-4d79-95ca-793cef7be812,63f51f3e-6ec0-47bc-9610-4621b55855ce,2026-06-25T02:26:22Z,2026-06-25T03:11:22Z,sent,2964318,UX Designer,2026-07-02T02:26:22Z
fa19ace5-90cd-4a53-978b-db650efb1279,e1ea2f32-7dcb-497a-ab0c-f845bf4b7a64,2026-06-18T03:18:09Z,,generated,989901,Marketing Specialist,2026-06-25T03:18:09Z
3e583186-fd3c-452a-baef-c9701bfca4a3,6d1348a1-3f2f-4527-aca9-384f91700237,2026-06-05T03:19:34Z,2026-06-05T04:04:34Z,signed,1279479,UX Designer,2026-06-12T03:19:34Z
f525cce7-8af8-4c22-9bef-958d3a69d1ef,935108cb-2939-4ea0-9c4b-af2effa3436f,2026-05-25T05:12:59Z,2026-05-25T05:30:59Z,signed,1988435,Marketing Specialist,2026-06-01T05:12:59Z
71bf4dd2-f9c3-4aed-a4f9-701651bbaf87,7f3f0ba5-e9b8-45ca-a1c1-415dbfb0fc4a,2026-05-22T19:16:25Z,2026-05-22T20:22:25Z,viewed,2292836,Data Analyst,2026-05-29T19:16:25Z
299ab9be-1153-4e88-87fa-fb39090fd633,ffc66c8b-791c-44e3-a153-e4e046d69e2e,2026-05-30T14:42:36Z,2026-05-30T15:20:36Z,sent,711219,Marketing Specialist,2026-06-06T14:42:36Z
0c614379-5033-47fa-9d14-6a4f2cb84fc4,b255f7a8-347e-4c2c-9d2b-f8250829664b,2026-04-03T00:52:01Z,2026-04-03T02:30:01Z,signed,3141544,Product Manager,2026-04-10T00:52:01Z
72c1bb3c-993c-4995-a4bc-5944582c897a,9bd1f9fc-52d5-4344-aec4-6daf35bdb179,2026-06-12T23:49:06Z,2026-06-13T00:36:06Z,viewed,3461732,Operations Lead,2026-06-19T23:49:06Z
960ec41b-9ad0-48e8-aad4-60f98cfd28fe,6ff4ecf4-e286-4077-8866-ae043010a904,2026-04-25T02:35:32Z,2026-04-25T03:10:32Z,signed,2193509,Data Analyst,2026-05-02T02:35:32Z
5a867a45-7b80-4752-b889-454d410deba6,50fe7a15-c6ba-4159-9c9a-60e087b7d26b,2026-04-09T06:04:37Z,2026-04-09T07:25:37Z,signed,3172602,Sales Executive,2026-04-16T06:04:37Z
87a2a51d-e96b-4605-914d-00a1faed6393,0d871cf9-abfe-4358-ac15-6c8c45b38ff6,2026-04-26T22:14:23Z,2026-04-26T22:42:23Z,signed,1348928,ML Engineer,2026-05-03T22:14:23Z
f4093daf-b020-4894-b8ef-4bee32e020f9,fd6abd58-eac1-4744-b7be-49fad4bb24ee,2026-05-04T11:06:25Z,2026-05-04T12:47:25Z,signed,2873491,UX Designer,2026-05-11T11:06:25Z
d99b9a8e-5473-4b5a-859b-e37675efd6d4,655405e7-76df-434d-a1f0-5c63d4ef41b8,2026-06-22T07:47:40Z,2026-06-22T09:36:40Z,viewed,1388354,HR Business Partner,2026-06-29T07:47:40Z
3675c6b9-e6d5-4551-99ab-56eb45ec32a1,c9b6d25e-08c7-4a77-bb17-a307fc6167ff,2026-06-20T13:55:06Z,2026-06-20T15:49:06Z,viewed,3241787,Legal Counsel,2026-06-27T13:55:06Z
c05a9d07-e9b3-45bb-8c25-2263d03ff8c9,138578cc-dfef-4042-92b1-2daee2f54eb5,2026-06-16T13:37:11Z,,generated,2283409,Product Manager,2026-06-23T13:37:11Z
af64097c-e3d2-4014-a595-3b7f3abeba98,22fbd17a-afc1-4090-84b2-1737d8752948,2026-06-07T16:09:25Z,2026-06-07T16:30:25Z,signed,1481653,Marketing Specialist,2026-06-14T16:09:25Z
c640d630-3da3-4c58-8a36-9e1d071a8026,1ee90c2e-3d66-4bc0-8ff6-ccc938416838,2026-06-19T19:06:29Z,2026-06-19T20:01:29Z,signed,2864472,Operations Lead,2026-06-26T19:06:29Z
56efd434-11b7-49ff-858c-70bb88477ee8,93d3f384-122c-4b9a-8162-9ebf97da9810,2026-06-17T07:42:32Z,2026-06-17T08:05:32Z,viewed,823584,DevOps Engineer,2026-06-24T07:42:32Z
7e46f172-7ebc-481d-b470-494ed7016483,7e69f3a0-a8da-440c-84c4-6011fce9965a,2026-04-05T00:31:59Z,2026-04-05T01:20:59Z,sent,1507869,Financial Analyst,2026-04-12T00:31:59Z
d7c0cb2a-9598-421c-9b4d-3ccda9b78b3e,2a07b238-e6b9-41fe-8d13-fa63e44dfcb9,2026-05-03T16:59:10Z,2026-05-03T17:08:10Z,signed,1790386,Frontend Engineer,2026-05-10T16:59:10Z
d17ac729-55d4-43e0-afe2-ed5c0cf2b189,d49a9314-ee94-404f-8035-29d3835214e9,2026-06-23T11:02:26Z,2026-06-23T11:41:26Z,sent,484862,Marketing Specialist,2026-06-30T11:02:26Z
fc69603f-50bb-4641-9a79-3a9d46b63945,84472e62-d337-4d10-8b59-a8c808f20689,2026-05-29T01:19:57Z,2026-05-29T02:26:57Z,sent,3272477,Data Analyst,2026-06-05T01:19:57Z
f6afc541-a705-41cd-b3ec-4fff591a5971,1ab89e8a-4b0a-4240-ba94-d05ebf94f1e0,2026-06-15T04:45:21Z,2026-06-15T06:25:21Z,viewed,774496,UX Designer,2026-06-22T04:45:21Z
dd0f07d8-1bb0-45d6-87ff-9615f7baf809,48205204-93a0-4344-bca7-08f4311bc2cb,2026-06-07T17:19:16Z,2026-06-07T18:16:16Z,viewed,1066778,Data Analyst,2026-06-14T17:19:16Z
95d1f6a5-b7ae-49d9-b4bb-9de91d4ea5b5,ff3a849a-ed0b-4641-8fde-c780e51a7350,2026-04-20T08:28:49Z,2026-04-20T08:50:49Z,signed,538710,HR Business Partner,2026-04-27T08:28:49Z
16efe788-5b00-46ab-8745-6f5c9b6db39f,db02b052-8d1b-4523-b25a-5bd9971bda08,2026-05-24T06:09:43Z,2026-05-24T06:49:43Z,signed,1962238,HR Business Partner,2026-05-31T06:09:43Z
165fe456-d9f2-4be7-a166-7b0f0aaa0c7d,caec8426-6362-4ef0-8f84-298e9a100f16,2026-06-11T00:05:49Z,,generated,2390542,Legal Counsel,2026-06-18T00:05:49Z
61006120-75ea-4fc5-ac24-159bd7f08666,dd5e9456-60dc-4250-b692-4d8cedd228ec,2026-05-25T06:53:50Z,2026-05-25T08:45:50Z,sent,3541370,ML Engineer,2026-06-01T06:53:50Z
f9efa000-30b1-46b5-9622-847eeb770653,2c04c0a2-0707-4653-967a-df56f604488b,2026-05-31T13:38:13Z,2026-05-31T13:49:13Z,viewed,3242459,UX Designer,2026-06-07T13:38:13Z
6c16387a-c571-4d0f-8b7c-15c184f12bc7,fd6abd58-eac1-4744-b7be-49fad4bb24ee,2026-04-25T23:35:18Z,2026-04-25T23:42:18Z,sent,3619433,Backend Engineer,2026-05-02T23:35:18Z
74fced05-6aab-4f43-9684-bd0616f12dc5,a4c2c53d-14ce-4f37-8e6d-80aa3d7d7286,2026-05-13T05:10:13Z,2026-05-13T06:37:13Z,signed,3095848,Sales Executive,2026-05-20T05:10:13Z
1414492e-d1c4-4db4-bcad-a11c1b2b7c03,7ca36ff2-f173-4e4c-a319-083dea5e5685,2026-04-02T07:16:13Z,2026-04-02T08:05:13Z,signed,430817,Operations Lead,2026-04-09T07:16:13Z
53228a8c-58bd-4d8c-a659-ec7a355525cf,a4ab9839-1adc-4737-bfcd-abc7db3197b8,2026-05-04T17:36:25Z,2026-05-04T18:58:25Z,signed,1561339,Sales Executive,2026-05-11T17:36:25Z
7d5b958d-80c0-4c61-b2a3-44a41ae01909,2eb35291-e8c2-44b7-980b-6fea64b3f0f5,2026-06-09T22:59:10Z,2026-06-10T00:41:10Z,signed,3148949,HR Business Partner,2026-06-16T22:59:10Z
a44d55d7-de1a-4245-abf6-697cf0bf1970,f8770d6e-1559-4251-85a4-af1283d2a71c,2026-06-03T01:23:23Z,2026-06-03T02:19:23Z,viewed,1196561,Marketing Specialist,2026-06-10T01:23:23Z
0c6e0eb8-3395-4cfc-b34e-14bad3375511,711693b0-f80b-47ce-9076-f13fe92ff091,2026-04-22T14:39:35Z,2026-04-22T16:24:35Z,signed,2741462,Product Manager,2026-04-29T14:39:35Z
b41a2a69-cb95-4528-afe8-aec28e072532,cc938a3c-9cd5-488e-b327-981faeecb104,2026-06-18T18:27:55Z,2026-06-18T20:06:55Z,viewed,3144897,Data Analyst,2026-06-25T18:27:55Z
e3196372-9e1a-49f6-bf44-d3f2ea7fd1c1,711693b0-f80b-47ce-9076-f13fe92ff091,2026-05-24T18:01:35Z,2026-05-24T19:57:35Z,signed,625137,ML Engineer,2026-05-31T18:01:35Z
8e7d5512-8875-4d87-8f78-7e058f8846c7,3181019b-93c8-470a-bab7-1007c050bfd4,2026-05-02T21:40:09Z,,generated,698700,HR Business Partner,2026-05-09T21:40:09Z
ea5327c2-1a42-49c7-af7d-183de2670830,d3fdbc43-b33e-43bc-9dee-b21e9619ad94,2026-05-10T15:42:00Z,2026-05-10T17:14:00Z,signed,1837261,Financial Analyst,2026-05-17T15:42:00Z
7c1a6cd9-25f0-4d77-9b31-d5f18c8dc466,13ae922c-2af5-4a03-b892-bc5cbd24f4ad,2026-04-02T13:25:01Z,2026-04-02T14:28:01Z,signed,419769,HR Business Partner,2026-04-09T13:25:01Z
91cf8f6f-48a3-4937-ab0e-bd3a5cc6950a,2b4f3816-a573-46c8-8cf7-76bd854e49d5,2026-06-07T22:00:02Z,2026-06-07T22:26:02Z,viewed,942767,Legal Counsel,2026-06-14T22:00:02Z
19eb9e86-eb26-4bfb-ac2c-05eb80fb2466,9bd1f9fc-52d5-4344-aec4-6daf35bdb179,2026-04-27T17:45:50Z,2026-04-27T18:44:50Z,sent,2007745,Software Engineer,2026-05-04T17:45:50Z
76d0e251-7be8-44f6-939d-cb113ac83321,d0cb8438-65f5-4bff-9f4b-4aee2650e95b,2026-05-07T10:05:35Z,2026-05-07T10:57:35Z,sent,1751459,DevOps Engineer,2026-05-14T10:05:35Z
a7123956-cae8-4875-b82e-f13994bc225f,b00c86df-7e3b-44c8-858a-b982d4472574,2026-06-09T17:49:15Z,2026-06-09T17:54:15Z,viewed,940774,Data Analyst,2026-06-16T17:49:15Z
160d9b7f-bc70-46e0-b68e-669d8a538bc4,3ce7c264-289d-4c31-b188-928333a0e77d,2026-05-10T09:02:16Z,2026-05-10T09:28:16Z,viewed,2582247,Legal Counsel,2026-05-17T09:02:16Z
1d06edd2-27f9-422e-bcbf-ac07a13cd08d,6323ab2f-e146-44b0-ac5f-dc33c36696aa,2026-05-26T10:41:02Z,2026-05-26T12:13:02Z,sent,1837525,Content Strategist,2026-06-02T10:41:02Z
2068e778-45a9-40e5-8612-f35d768aa766,f527a5bf-71b9-4ade-86ae-82c3e8da68a2,2026-05-24T08:46:54Z,2026-05-24T09:12:54Z,sent,3805809,Financial Analyst,2026-05-31T08:46:54Z
cd263c94-0d7e-480a-9abe-5207598d0db0,1dca675a-cd3f-4f07-aaee-77830a5846f2,2026-06-06T01:38:37Z,2026-06-06T01:59:37Z,signed,556713,Financial Analyst,2026-06-13T01:38:37Z
52ba7923-ff33-40fe-ba51-2d95aeab2113,8e2db744-a00c-44ac-a337-4914010fa4b6,2026-04-14T08:45:17Z,2026-04-14T08:56:17Z,signed,2148083,HR Business Partner,2026-04-21T08:45:17Z
52873c1e-2afd-4155-a12f-77de015cac93,f99e4342-0d3a-4958-9c8a-f8a07799f2a0,2026-06-16T05:53:58Z,2026-06-16T06:58:58Z,rejected,3178654,Operations Lead,2026-06-23T05:53:58Z
c402f0c5-0a7a-4864-9839-4ada08def82d,64d7d151-2297-4999-8f8f-b8ef2535d0c7,2026-04-28T18:40:22Z,2026-04-28T19:02:22Z,rejected,2487668,UX Designer,2026-05-05T18:40:22Z
25d12c9f-7cc6-47f9-830c-08d8ad28e9b3,abd694c8-8347-44fb-a062-21b6ede3e237,2026-04-13T17:07:16Z,2026-04-13T18:18:16Z,sent,1901232,Frontend Engineer,2026-04-20T17:07:16Z
34d7c805-8211-4234-bc37-0720f0c17ee3,a7827666-1277-4c3b-a8df-c1beef1606f9,2026-05-30T13:40:43Z,2026-05-30T14:55:43Z,viewed,411484,Software Engineer,2026-06-06T13:40:43Z
09453b97-729e-412d-bc9a-449d6f9da42c,0eb03bc2-0d2d-4824-9bba-9e32b3f4105d,2026-04-01T04:42:47Z,2026-04-01T06:00:47Z,rejected,3102544,UX Designer,2026-04-08T04:42:47Z
d8fd4af5-20f3-4f9f-975d-3ed0ea216ff4,7a6d6f00-3709-42cb-bb56-c7b38e29f661,2026-05-30T12:06:54Z,2026-05-30T12:17:54Z,viewed,3238564,Marketing Specialist,2026-06-06T12:06:54Z
8c719609-c921-4036-ae05-4e3f9463e6b2,79ee0e2c-0017-4e93-b8b1-19bd7b2ed07a,2026-04-17T12:58:24Z,2026-04-17T14:51:24Z,viewed,1115180,Marketing Specialist,2026-04-24T12:58:24Z
946726c5-1cc7-4ea4-8979-03a9334bb130,a392e0fb-d693-4312-9974-8e9cabed27ee,2026-04-02T09:29:47Z,2026-04-02T10:53:47Z,viewed,2080982,Financial Analyst,2026-04-09T09:29:47Z
3f7250ad-b0e4-4607-b980-601a0ed21797,7a6d6f00-3709-42cb-bb56-c7b38e29f661,2026-06-01T20:28:47Z,2026-06-01T22:01:47Z,sent,3755019,Financial Analyst,2026-06-08T20:28:47Z
b0881d02-89a3-484f-991f-a9c86b7feb3a,b1dd6990-8b32-4021-a452-02e610ff36e0,2026-06-17T06:27:21Z,2026-06-17T08:04:21Z,signed,2237788,Product Manager,2026-06-24T06:27:21Z
4f2dae9f-ffd9-4ba4-9fbd-3061a3d3089d,acc5a0f5-7c70-4d7e-80cc-4a2d9f6689da,2026-04-13T14:18:45Z,2026-04-13T14:26:45Z,sent,3917076,Frontend Engineer,2026-04-20T14:18:45Z
233d5442-eb85-4fd1-9691-d347b92e5c17,b3953fb2-5d65-42a2-89fb-f105f253f7e5,2026-05-12T08:14:23Z,,generated,873694,Content Strategist,2026-05-19T08:14:23Z
9c2abfcc-f6ab-490a-8c17-670fb5880dbc,79fee2a4-ca06-47a4-89a7-358822d79661,2026-05-16T11:01:11Z,2026-05-16T11:39:11Z,viewed,3518984,Legal Counsel,2026-05-23T11:01:11Z
28b2709f-3bee-4251-9915-f1e68aaa3dc5,849dc28d-2b1b-4e9e-95f5-ac7b9b40d650,2026-06-06T11:58:27Z,,generated,3209530,ML Engineer,2026-06-13T11:58:27Z
ce85809c-fba0-4ab9-824a-29f2a9c8db52,cfa57b79-c97a-4407-bbc2-162ee1367d5f,2026-05-08T20:18:25Z,2026-05-08T21:52:25Z,viewed,3183804,Backend Engineer,2026-05-15T20:18:25Z
ca0a6eb3-a8f9-48d7-ad1c-435bb65b4be3,574ed213-5cbe-4f29-91b7-fbcd51916d6d,2026-06-13T19:30:25Z,2026-06-13T20:46:25Z,sent,2970747,Software Engineer,2026-06-20T19:30:25Z
0fed460a-bcd6-4cfd-923c-cf3a0a459816,e1868bb1-7eb5-4476-a3f7-e67e7cd483df,2026-04-26T18:40:09Z,,generated,2520504,ML Engineer,2026-05-03T18:40:09Z
5d635bad-7baf-4cd5-bef8-036719b08ebb,92ae20dd-25f4-4578-bbe2-cd273414136e,2026-04-06T12:53:35Z,2026-04-06T13:19:35Z,signed,3098268,Financial Analyst,2026-04-13T12:53:35Z
f74ab476-cc0b-43dd-b0b1-5bd6d02fc957,a38b0e2f-6148-4ead-a9cc-11fae3c7aaaa,2026-04-09T21:54:29Z,2026-04-09T22:57:29Z,signed,3525758,Backend Engineer,2026-04-16T21:54:29Z
174eea2d-1f1e-46b8-96d1-5c4095a18e61,c6d14134-18f0-4cac-9a90-7166291266f2,2026-06-18T06:43:14Z,2026-06-18T06:52:14Z,viewed,3074028,Sales Executive,2026-06-25T06:43:14Z
65fdf8d8-b98d-4df8-81e0-f18b5f5ae30c,83a1c9a5-7bb6-42a5-b619-dfef9f9ef975,2026-05-04T15:34:01Z,2026-05-04T17:04:01Z,viewed,3941324,HR Business Partner,2026-05-11T15:34:01Z
51cb56e5-d4db-414f-9feb-64c332d5b877,a58619c2-58b9-4f27-8fd0-bc1aed52242a,2026-05-04T20:39:03Z,2026-05-04T22:00:03Z,rejected,409214,Marketing Specialist,2026-05-11T20:39:03Z
ac55a826-a5ba-463f-9b6f-eb8450d25507,877d8b6b-f078-4661-a4f7-04e22a337216,2026-04-08T16:07:38Z,2026-04-08T17:54:38Z,rejected,989086,ML Engineer,2026-04-15T16:07:38Z
2f82266c-61da-46ef-9dea-3fc55d15b141,a7827666-1277-4c3b-a8df-c1beef1606f9,2026-06-17T20:39:30Z,2026-06-17T21:09:30Z,signed,3575714,Financial Analyst,2026-06-24T20:39:30Z
ade10302-cf60-46eb-940a-f654998f824f,60d02014-9afa-4a6a-b431-2635e82e8aa4,2026-04-27T18:20:22Z,2026-04-27T19:40:22Z,signed,2720399,Content Strategist,2026-05-04T18:20:22Z
3d6fa54e-3a70-4f1b-9d5f-54e7183bca45,2dd733a0-af36-41d4-883e-65c43e58e877,2026-04-07T19:18:49Z,2026-04-07T20:28:49Z,signed,2918872,Legal Counsel,2026-04-14T19:18:49Z
97d6b4c6-0827-4ce3-9215-c80dc5acbde1,66d68df1-a7fc-4c40-b86c-177670b08afe,2026-05-10T07:14:06Z,2026-05-10T08:12:06Z,sent,3304620,DevOps Engineer,2026-05-17T07:14:06Z
50fa4993-6983-4e62-bbc9-f464da833102,f0a83603-ab02-4ba2-8dc3-a589b3118dd1,2026-06-01T16:22:20Z,2026-06-01T17:10:20Z,sent,2299372,DevOps Engineer,2026-06-08T16:22:20Z
b534261f-ba85-4eb2-bb49-c9905eca9248,fcb3271c-40ee-463f-a6e5-fc6e7d097fa6,2026-06-14T19:54:51Z,2026-06-14T21:28:51Z,sent,2548719,Sales Executive,2026-06-21T19:54:51Z
eab3314c-764a-4377-9314-1c49d3dcf854,9fb2aae0-f2fd-49f8-a35d-b4013ecef429,2026-04-05T16:18:10Z,2026-04-05T17:57:10Z,sent,3053246,UX Designer,2026-04-12T16:18:10Z
e5289f1f-f85e-410e-af76-2c8196f356e7,cc2a0a51-8812-4774-9874-5487e940cf9a,2026-06-07T21:13:51Z,2026-06-07T21:55:51Z,viewed,1145800,Operations Lead,2026-06-14T21:13:51Z
ec7dfa59-4c91-43fa-a283-c711df12658d,8feb08f4-8244-4682-a263-966eafcb074e,2026-04-21T20:01:58Z,2026-04-21T21:36:58Z,signed,3536788,Content Strategist,2026-04-28T20:01:58Z
540b2a02-6fe8-4e04-be25-dd4aab9d93e0,14bbc4d2-2402-465c-b724-1f3a6dc7a540,2026-05-31T11:38:11Z,2026-05-31T12:37:11Z,signed,1519788,DevOps Engineer,2026-06-07T11:38:11Z
05e88b1b-3e5f-4fea-99c6-0e4f08a24ae5,25acc5d4-89ac-4cbd-b55c-a882b95ef717,2026-05-31T10:02:03Z,2026-05-31T10:25:03Z,signed,829832,Legal Counsel,2026-06-07T10:02:03Z
61bc86d3-484a-4ae7-aaed-80773e01a163,d7b10f41-cbb4-4d5b-8eab-e0dfa0ded93c,2026-04-05T06:40:12Z,2026-04-05T08:07:12Z,viewed,1606443,Frontend Engineer,2026-04-12T06:40:12Z
36580a29-36a7-427c-a8f5-22b91c173939,058ac95f-e77d-4df4-8ea8-b65a11ee434b,2026-05-22T04:44:41Z,2026-05-22T06:29:41Z,sent,1711365,Operations Lead,2026-05-29T04:44:41Z
341e36b2-e82d-4e5e-a006-df56bff64481,f2b9068a-10b1-4e4e-912d-1c0742d1d3c3,2026-06-26T23:41:08Z,2026-06-27T00:11:08Z,viewed,3116367,Marketing Specialist,2026-07-03T23:41:08Z
0221dd65-7885-4ce7-b93f-d162aeb16bc7,7f3f0ba5-e9b8-45ca-a1c1-415dbfb0fc4a,2026-04-17T13:11:01Z,2026-04-17T14:55:01Z,signed,3483146,Operations Lead,2026-04-24T13:11:01Z
d4697563-a70d-43be-bc99-22f0e7a38b90,644bf8fe-dad8-4501-a690-4c56b7300d56,2026-05-22T14:57:40Z,2026-05-22T15:37:40Z,signed,1049302,Software Engineer,2026-05-29T14:57:40Z
73edcf79-e755-4417-bd64-73a3f7b996d2,a1712ac5-c06a-481e-b9d0-7ac4fe06b14c,2026-05-27T22:06:52Z,2026-05-27T23:50:52Z,sent,2982049,ML Engineer,2026-06-03T22:06:52Z
615d8a1c-7ce7-4170-825b-44121969ad6a,cc964422-9ef5-437b-81f7-5a70c00d9250,2026-05-11T14:49:49Z,2026-05-11T16:04:49Z,signed,1068448,Financial Analyst,2026-05-18T14:49:49Z
f1ffa44f-ec4d-44d8-b377-583828260108,d20a1657-8fe3-4592-8e9c-3779f2230f8e,2026-05-07T02:30:44Z,2026-05-07T03:19:44Z,signed,2993256,Operations Lead,2026-05-14T02:30:44Z
1c01275a-475e-435a-8634-f66275f9995f,464dda87-f27e-4d7f-b15e-4fe386b94d66,2026-05-04T17:53:32Z,2026-05-04T19:21:32Z,signed,1422685,Software Engineer,2026-05-11T17:53:32Z
22ef0de3-6cbb-45c8-b5d4-06e09e52f048,1610588b-47e5-43be-b515-54020d5e351f,2026-05-22T05:14:03Z,2026-05-22T05:33:03Z,signed,2557168,DevOps Engineer,2026-05-29T05:14:03Z
9caac190-508c-405f-99ac-fc2d46750a6c,83a1c9a5-7bb6-42a5-b619-dfef9f9ef975,2026-05-15T23:40:26Z,2026-05-16T00:22:26Z,sent,1207455,Marketing Specialist,2026-05-22T23:40:26Z
d4065ccf-bdc2-4935-b234-3cb2ea460e75,e1fdc0ea-6f65-40b2-be5b-488f06bb81a2,2026-06-20T06:01:05Z,,generated,1102104,DevOps Engineer,2026-06-27T06:01:05Z
7781f962-3c9c-4993-828f-86184c0cf48b,502a9d19-374f-4244-bc2a-ef264676d56e,2026-05-07T11:26:14Z,2026-05-07T11:39:14Z,viewed,835900,UX Designer,2026-05-14T11:26:14Z
a418a3df-06b1-4052-ad0a-f904a6f91db7,502a9d19-374f-4244-bc2a-ef264676d56e,2026-04-08T18:46:21Z,2026-04-08T20:25:21Z,rejected,558906,Data Analyst,2026-04-15T18:46:21Z
285430a5-aa07-4e07-aca4-c05fd6d1c5f7,6f2a5c45-64f7-4178-add2-2ff876b3dc99,2026-06-22T23:26:35Z,2026-06-23T00:03:35Z,viewed,2292158,Backend Engineer,2026-06-29T23:26:35Z
e0127f30-8b3b-4291-97ac-c2bfe9a15f9f,38ceb7a1-82f6-47ae-9552-553c023b05bd,2026-05-17T04:52:31Z,2026-05-17T05:46:31Z,signed,590911,Frontend Engineer,2026-05-24T04:52:31Z
fc362071-f827-4207-93b0-d4f81fd3ce6d,d4d02b04-501d-4436-b580-be8d42919e31,2026-05-24T12:23:42Z,,generated,845164,Sales Executive,2026-05-31T12:23:42Z
55df7bb4-3380-4a60-9498-95c8db30aca1,cc964422-9ef5-437b-81f7-5a70c00d9250,2026-04-30T08:29:45Z,2026-04-30T10:11:45Z,sent,1999764,Financial Analyst,2026-05-07T08:29:45Z
3f713ac8-79c7-458c-a0d9-a23cbc45c66f,560d5e0d-a9c8-4893-bce9-004fc51f3fa3,2026-05-13T05:25:32Z,2026-05-13T05:58:32Z,signed,3734543,ML Engineer,2026-05-20T05:25:32Z
82135dac-3779-4c67-a32e-170c4c3c2137,56082f2f-8df0-4941-ac43-19974b51a9b4,2026-06-27T03:54:54Z,2026-06-27T05:10:54Z,signed,1677967,UX Designer,2026-07-04T03:54:54Z
c3354fbe-3b3f-408d-9164-756eff7ebdf1,26b08229-20a4-4086-ac23-91d2e029ee03,2026-06-07T16:30:50Z,2026-06-07T17:57:50Z,sent,997500,Product Manager,2026-06-14T16:30:50Z
d81af85c-b73e-495f-b6b0-78245a35449b,05fdf90c-ea60-43ad-b25a-5cd3374ff5b9,2026-06-06T19:25:25Z,2026-06-06T20:02:25Z,viewed,3970978,DevOps Engineer,2026-06-13T19:25:25Z
71db18c7-b5e8-4b83-9cc0-823efde8d4b8,a5417542-a21d-45e5-adad-3a6d98d23515,2026-05-14T11:04:16Z,2026-05-14T11:18:16Z,signed,1897946,Product Manager,2026-05-21T11:04:16Z
fb30792f-84cb-4246-8025-636b94d33ed6,92b092af-d0ac-4447-9cf3-1ac4d4e21fb5,2026-06-18T12:46:30Z,2026-06-18T12:59:30Z,sent,1732890,HR Business Partner,2026-06-25T12:46:30Z
40faa712-1ab2-41f4-a7c7-405a38c21bf9,b87eac54-6a95-4c1f-b04b-60758f9d411e,2026-05-27T08:47:42Z,2026-05-27T09:31:42Z,signed,3087871,Financial Analyst,2026-06-03T08:47:42Z
b24e1f3c-6f65-4a13-8735-1c70858e39d3,9ddb772b-85d7-4a55-b801-27f9457d80ca,2026-04-07T16:17:55Z,2026-04-07T17:48:55Z,signed,1137233,Backend Engineer,2026-04-14T16:17:55Z
dca0d128-d788-473a-8332-0a326ccc1a88,2b2c13fb-9d74-494a-90d0-b8f1ee025820,2026-04-07T12:22:37Z,2026-04-07T14:12:37Z,signed,478141,ML Engineer,2026-04-14T12:22:37Z
65237047-8788-4b0b-abda-60f03adf96a9,90d41d35-5cb4-4e20-bdb4-8c0c2f0c4871,2026-04-27T22:06:01Z,2026-04-27T23:25:01Z,viewed,2679475,Content Strategist,2026-05-04T22:06:01Z
5ee197df-03dc-41ac-a92a-51cd052881e6,60cb8d21-91b0-45b7-8329-35b88bc732f2,2026-05-13T09:48:54Z,2026-05-13T10:12:54Z,viewed,2349097,Operations Lead,2026-05-20T09:48:54Z
98af268d-703d-45a7-bc73-f229d040f931,cf6cd9be-7c6c-4e47-815f-5bbfc25f8304,2026-06-19T10:53:26Z,2026-06-19T12:02:26Z,viewed,988757,HR Business Partner,2026-06-26T10:53:26Z
a2dcc5f4-9f4c-4b3d-9d3f-db410b6f9dcc,d253e54d-9120-400d-862a-0a84e4c01fcb,2026-06-10T20:27:30Z,2026-06-10T21:44:30Z,viewed,569533,UX Designer,2026-06-17T20:27:30Z
c4269ba8-58e9-4837-ae6a-dce7cfc315df,72dffd77-48f9-4b78-9374-ddaec725a6d2,2026-06-05T17:52:49Z,2026-06-05T18:44:49Z,signed,2306912,Content Strategist,2026-06-12T17:52:49Z
8c98ec14-b434-4b38-95c4-57a654b59a57,60d02014-9afa-4a6a-b431-2635e82e8aa4,2026-06-24T08:54:44Z,,generated,1759252,Data Analyst,2026-07-01T08:54:44Z
2a1da026-c988-4354-8b1c-0e164926bfc4,59bb62c0-33f7-4739-85bd-79243a66b1e6,2026-04-27T17:34:43Z,2026-04-27T19:25:43Z,signed,3140292,Content Strategist,2026-05-04T17:34:43Z
c2d89b92-cd2c-4dd5-b774-7c4f29129cf5,6d1348a1-3f2f-4527-aca9-384f91700237,2026-05-09T01:59:06Z,2026-05-09T02:32:06Z,signed,982875,HR Business Partner,2026-05-16T01:59:06Z
69e9ab9d-460f-4f64-a151-462daf3531cb,f401ea48-2cdc-4e8d-b499-535f39e9280d,2026-06-05T21:58:46Z,2026-06-05T23:25:46Z,signed,1366142,Financial Analyst,2026-06-12T21:58:46Z
3fc0aa04-723d-47fd-82b1-b9520f5e86f8,8d7d035d-c516-4cde-b0f5-0acd92c8ad93,2026-04-19T07:34:46Z,2026-04-19T09:05:46Z,signed,936389,Legal Counsel,2026-04-26T07:34:46Z
ad60828a-eb30-4111-975d-08a5ed957d5e,25acc5d4-89ac-4cbd-b55c-a882b95ef717,2026-06-15T03:58:01Z,2026-06-15T04:08:01Z,sent,1015996,Software Engineer,2026-06-22T03:58:01Z
166515fe-424e-4658-9af3-c9d522893c4b,b1dd6990-8b32-4021-a452-02e610ff36e0,2026-06-03T04:06:30Z,,generated,2566948,Financial Analyst,2026-06-10T04:06:30Z
e202324b-8a2f-4ebc-9c5f-205a92a3f084,3d127be5-dddb-44b0-b6a0-8ff452d0cfe7,2026-04-27T08:07:42Z,2026-04-27T09:44:42Z,signed,1320078,ML Engineer,2026-05-04T08:07:42Z
603b1716-cce8-45dc-b403-ea262e47c1cc,d148a8e1-02d7-450a-8157-89cd628b03db,2026-04-30T21:50:28Z,2026-04-30T23:09:28Z,signed,2301991,Legal Counsel,2026-05-07T21:50:28Z
a127e009-40a9-4584-bb56-2f7bccb7220e,c850a645-b389-41c7-b4c2-6a81070ad897,2026-06-05T22:23:31Z,2026-06-05T22:44:31Z,viewed,2160747,ML Engineer,2026-06-12T22:23:31Z
18664038-e858-476c-914d-1b067df6af45,3613f47c-61a9-4577-ac40-6374a547faa8,2026-04-30T10:57:14Z,2026-04-30T12:02:14Z,sent,2915801,Software Engineer,2026-05-07T10:57:14Z
43327655-e04f-4e33-aed6-376b831243a0,f7e046f0-00d7-4fb1-bceb-024e4ae9a78b,2026-05-10T09:03:17Z,2026-05-10T09:19:17Z,signed,2164476,Marketing Specialist,2026-05-17T09:03:17Z
41ed759a-b0e4-4eee-b0e0-cad7eeb68f98,3aeeb01e-dc43-429e-9027-a38529ddd8ae,2026-04-21T12:16:16Z,2026-04-21T12:50:16Z,sent,2422172,DevOps Engineer,2026-04-28T12:16:16Z
dfdb9050-ff81-42d0-9df5-c0f4568a7f3a,b142639f-b2c1-430f-a88e-a4d6b6bd267c,2026-05-25T05:07:52Z,2026-05-25T06:46:52Z,sent,3911431,Frontend Engineer,2026-06-01T05:07:52Z
f23a96f1-e308-4878-a0b7-56dc2eb839ef,875cd916-f8aa-46ec-9b2e-fb010da272e0,2026-06-18T18:12:00Z,2026-06-18T18:49:00Z,signed,422940,Frontend Engineer,2026-06-25T18:12:00Z
ff1ceb53-a8fc-4572-8da6-6e215566752b,c7420b6c-7266-4dd5-8355-a84175201f76,2026-05-03T03:05:21Z,2026-05-03T04:16:21Z,viewed,1919469,Data Analyst,2026-05-10T03:05:21Z
acb7c775-9bda-4173-9b23-156cde929bd4,9935feec-60bc-45e1-9f6a-a97d9380f632,2026-05-17T21:04:41Z,2026-05-17T21:41:41Z,signed,1952785,Operations Lead,2026-05-24T21:04:41Z
6a6dd2ae-d968-4ebb-940c-e049f14d54a2,e53f2bad-d2d9-4dc6-801d-39b7cf48b680,2026-05-12T06:39:14Z,2026-05-12T07:23:14Z,signed,2273154,DevOps Engineer,2026-05-19T06:39:14Z
af7e5c6e-df94-43fe-a15b-3eef56aff69d,d5b73752-39e7-4b56-894e-c3cce3940d84,2026-06-18T12:13:50Z,2026-06-18T13:09:50Z,viewed,1074184,Financial Analyst,2026-06-25T12:13:50Z
35c1eb94-d4df-4381-b5bc-f29737d3ccfe,2ad14070-298d-481b-8c15-5fe9f1c637be,2026-04-11T03:34:49Z,2026-04-11T03:57:49Z,signed,558357,Frontend Engineer,2026-04-18T03:34:49Z
2a6e88a3-0685-4b93-b09d-e54d6ffb04ca,e8b2b2fb-8516-43ff-a83f-6dbcb4da5bed,2026-05-20T08:19:36Z,2026-05-20T09:30:36Z,viewed,3085576,HR Business Partner,2026-05-27T08:19:36Z
929b7e25-8fb6-4016-a8ba-7fb09a5e5802,c6ef39dd-bdc3-462d-9a17-00cc5659bc9b,2026-06-27T04:56:23Z,2026-06-27T06:25:23Z,sent,2573292,Sales Executive,2026-07-04T04:56:23Z
f2f6a8a4-32f9-4087-95c7-a52b80f7de7e,d3fdbc43-b33e-43bc-9dee-b21e9619ad94,2026-06-24T23:34:53Z,2026-06-25T00:44:53Z,signed,1060371,Data Analyst,2026-07-01T23:34:53Z
6008be37-07cc-4bf3-9aee-81701304013a,1a4dd2fb-b0ef-4a96-acf5-81393692b097,2026-04-13T13:07:38Z,2026-04-13T14:37:38Z,signed,2705158,Sales Executive,2026-04-20T13:07:38Z
8d236d0e-5c46-4d97-a77f-5ade07919796,ee69d6dd-d3a0-4ef7-9048-b61d5eac6cba,2026-03-31T09:46:17Z,2026-03-31T10:35:17Z,sent,1559757,UX Designer,2026-04-07T09:46:17Z
21a68177-8205-47a8-8cef-61036199852a,d3fdbc43-b33e-43bc-9dee-b21e9619ad94,2026-05-15T02:13:53Z,,generated,2811333,Software Engineer,2026-05-22T02:13:53Z
382aec49-fd75-468a-97f2-e052fbbbd3ab,ba156909-56dd-4073-83e1-0db37f3d5cff,2026-06-11T06:02:10Z,2026-06-11T06:20:10Z,signed,2811279,Sales Executive,2026-06-18T06:02:10Z
4d693169-e7e5-49fa-b884-257c1d60ce4e,acfbbe87-f97c-48cc-9be9-436e84e7606f,2026-05-22T15:14:10Z,2026-05-22T16:57:10Z,viewed,514717,HR Business Partner,2026-05-29T15:14:10Z
0abeed40-8890-483a-98fc-7f81ec054733,d9784242-8f3a-489b-926f-18ad54f6c30b,2026-06-03T05:08:00Z,2026-06-03T06:34:00Z,viewed,2129839,Marketing Specialist,2026-06-10T05:08:00Z
70acafa6-460b-4d23-80df-1a8334909ee9,90423276-bf19-48bc-a0cd-e04904b8d213,2026-05-07T05:44:15Z,2026-05-07T07:35:15Z,signed,1148623,HR Business Partner,2026-05-14T05:44:15Z
b5d150b2-f57f-4a11-b08e-944d2fac4e04,4921bada-fc28-4656-a63e-7d43de39ad39,2026-05-24T22:05:37Z,2026-05-24T23:23:37Z,signed,1513190,UX Designer,2026-05-31T22:05:37Z
e9bd97a8-1f42-4835-96fd-624bd0ce1eee,65a0eb57-90d4-49e8-af05-e2743094a4e4,2026-06-08T13:24:59Z,2026-06-08T15:16:59Z,signed,3956814,HR Business Partner,2026-06-15T13:24:59Z
fa400fb0-0cbd-4c77-9c8b-4121f4c61eff,a75d076f-1420-4c6c-890f-d0262ce023b9,2026-04-28T23:38:12Z,2026-04-29T01:37:12Z,sent,2809708,ML Engineer,2026-05-05T23:38:12Z
598941da-fb94-4f43-90fb-0f7f98ba8455,223c19b3-66b6-4c4f-bb29-66944d56a0e5,2026-05-11T14:14:15Z,2026-05-11T15:56:15Z,sent,1575523,Financial Analyst,2026-05-18T14:14:15Z
c3573357-6c34-48bf-8b11-d8053d9a668f,711693b0-f80b-47ce-9076-f13fe92ff091,2026-04-16T09:52:32Z,2026-04-16T10:03:32Z,rejected,3278712,DevOps Engineer,2026-04-23T09:52:32Z
8827d79b-db4c-4248-a3e3-f847b4457d42,6dad6bca-e92d-41a3-b26a-9b78472b03d1,2026-05-14T20:33:10Z,,generated,3328649,Operations Lead,2026-05-21T20:33:10Z
ae9d81cf-e7ba-49cd-9505-6c8d5da156a4,d3141dbd-b92a-4ba8-8e69-7a0f1984088f,2026-05-28T14:22:34Z,2026-05-28T14:28:34Z,signed,2700841,Sales Executive,2026-06-04T14:22:34Z
7d946183-ca2c-47bc-a4e0-3cce40d7c032,04b394fa-b671-4f44-b487-afbdfa726bf1,2026-06-02T02:07:48Z,2026-06-02T03:30:48Z,signed,3983303,Financial Analyst,2026-06-09T02:07:48Z
5deb3bf2-225d-499a-b817-95454fe37ef8,f1d2ebd2-0ced-4d26-9de9-777cce0be121,2026-05-15T11:37:20Z,2026-05-15T11:58:20Z,sent,3277342,UX Designer,2026-05-22T11:37:20Z
b7408e47-b6a2-41be-9065-40ccc195300d,fc9a150d-049a-4803-b368-d630b0abd674,2026-04-19T06:16:30Z,2026-04-19T06:51:30Z,signed,1140744,Financial Analyst,2026-04-26T06:16:30Z
e52b8ea4-96c2-41c7-a992-752ff16f6b76,530200ae-013f-4776-9057-365787d03128,2026-06-15T04:33:18Z,,generated,3962599,Backend Engineer,2026-06-22T04:33:18Z
6b3a5f5c-ba2b-44e5-861d-5a9ca4995cf8,240e8a0a-ec93-446c-b8ce-0b0824d88266,2026-05-07T09:37:38Z,2026-05-07T11:22:38Z,rejected,651810,UX Designer,2026-05-14T09:37:38Z
25d9ca7f-eaa0-41c2-8b74-d707cabfc817,49ed1623-b611-4010-a881-c1e622888099,2026-05-12T23:28:46Z,2026-05-12T23:45:46Z,signed,1843428,Software Engineer,2026-05-19T23:28:46Z
2106138a-48c2-4307-87d4-564e5e0037f9,79fee2a4-ca06-47a4-89a7-358822d79661,2026-06-16T11:23:35Z,2026-06-16T12:54:35Z,sent,1234490,Legal Counsel,2026-06-23T11:23:35Z
5127751b-5a83-4874-be30-a26cca0c44aa,875cd916-f8aa-46ec-9b2e-fb010da272e0,2026-04-26T03:36:02Z,2026-04-26T04:03:02Z,sent,1593735,Marketing Specialist,2026-05-03T03:36:02Z
94076468-a759-43cd-915b-0bd4c968976b,99d733a1-b7e6-40b6-a8d2-322850451489,2026-04-23T21:14:38Z,2026-04-23T22:58:38Z,signed,1815109,Financial Analyst,2026-04-30T21:14:38Z
1edafe42-e16a-42d3-a929-189f5291479a,380dc1f2-c54b-4510-b4eb-5dac34acb3ba,2026-05-19T22:42:29Z,2026-05-19T22:56:29Z,signed,3103834,Financial Analyst,2026-05-26T22:42:29Z
d27d22d8-e3dd-4ea1-af14-66720c3fbcf2,ab8ed36b-85e7-4b1a-a21b-5abc5abc26df,2026-04-03T01:25:30Z,2026-04-03T03:20:30Z,sent,3536901,Legal Counsel,2026-04-10T01:25:30Z
2be49fd3-76b2-4df2-8541-ad08212c36a1,59bb62c0-33f7-4739-85bd-79243a66b1e6,2026-05-15T12:38:53Z,2026-05-15T13:06:53Z,sent,924455,Frontend Engineer,2026-05-22T12:38:53Z
ba25756e-cdd7-438d-bdf9-c1437d827eb8,92b092af-d0ac-4447-9cf3-1ac4d4e21fb5,2026-04-24T23:16:21Z,2026-04-25T00:56:21Z,signed,2384685,Operations Lead,2026-05-01T23:16:21Z
6f0ff183-406a-4190-8636-72213ed9a1b8,f2b9068a-10b1-4e4e-912d-1c0742d1d3c3,2026-06-25T16:27:44Z,2026-06-25T17:39:44Z,signed,2035133,Sales Executive,2026-07-02T16:27:44Z
37c86fda-cb39-4daf-b44b-870b9107817b,65a0eb57-90d4-49e8-af05-e2743094a4e4,2026-06-04T05:25:16Z,2026-06-04T06:26:16Z,rejected,1763993,ML Engineer,2026-06-11T05:25:16Z
337b8936-3c8c-4ba8-beec-ad9b5d25a24b,173aea5a-b393-460d-afd1-754009d6dc22,2026-05-13T21:15:26Z,,generated,2667374,Content Strategist,2026-05-20T21:15:26Z
dbad2e0d-99dd-4b55-bb32-2adf8227d5d1,5b35936b-be30-44f4-a4db-59319118ccca,2026-05-05T23:41:37Z,2026-05-06T01:15:37Z,signed,2595549,Backend Engineer,2026-05-12T23:41:37Z
9b8069e8-6200-469b-bdf3-f97af9e6ac12,14bbc4d2-2402-465c-b724-1f3a6dc7a540,2026-05-29T04:20:01Z,2026-05-29T05:26:01Z,signed,400387,Operations Lead,2026-06-05T04:20:01Z
dda73a9c-3c2b-4d91-a0ec-7e4c686ddd1c,2c19a68c-b39a-4d76-b5c6-b0fb0648cf91,2026-05-25T20:35:13Z,2026-05-25T21:48:13Z,signed,1369787,DevOps Engineer,2026-06-01T20:35:13Z
c9903327-8ec4-41ee-8ed9-fc0435e27ff7,c7420b6c-7266-4dd5-8355-a84175201f76,2026-05-06T00:28:11Z,2026-05-06T01:25:11Z,sent,2233356,Financial Analyst,2026-05-13T00:28:11Z
6345e40c-ce0b-4846-86c2-677c9d59a237,07afd320-e14b-4bd7-b72e-acb82ac8a408,2026-06-12T09:27:05Z,2026-06-12T10:54:05Z,signed,3755271,Content Strategist,2026-06-19T09:27:05Z
5a61ff4d-d385-418c-b44a-e903c0c32a3b,5b35936b-be30-44f4-a4db-59319118ccca,2026-05-31T14:33:06Z,2026-05-31T15:46:06Z,viewed,1614650,Data Analyst,2026-06-07T14:33:06Z
c072e62f-e7ba-4cda-8993-21e4fe8a847d,254d48db-b4a9-4246-b8be-6bbaadc0831f,2026-04-29T06:28:59Z,2026-04-29T08:02:59Z,signed,1583274,Sales Executive,2026-05-06T06:28:59Z
1f9cc02c-c73b-49ab-9296-d8c8b13583fa,5ee5f7c5-6591-4d0b-a385-f8314ea02a8f,2026-04-19T19:22:10Z,2026-04-19T19:28:10Z,signed,2490423,Marketing Specialist,2026-04-26T19:22:10Z
20b8d68e-199c-4559-b049-d01b543181d2,b058bfab-8bea-436e-94f4-5f153cec16bf,2026-04-21T13:55:16Z,2026-04-21T14:42:16Z,signed,1206112,Content Strategist,2026-04-28T13:55:16Z
c1062c86-b05e-47e4-b846-1bc023a35b4c,e50cf4db-b2d9-42cd-8e1e-7970d33a3a72,2026-04-09T21:33:53Z,2026-04-09T21:39:53Z,viewed,3493798,Software Engineer,2026-04-16T21:33:53Z
2ae28390-9a5a-45fd-874c-6215eefd6561,4799edec-5820-4951-932d-3a40e4a30881,2026-05-14T12:04:27Z,2026-05-14T12:21:27Z,signed,576940,Frontend Engineer,2026-05-21T12:04:27Z
3640c224-7cd1-473b-889c-f07baf90227f,a5417542-a21d-45e5-adad-3a6d98d23515,2026-05-08T16:03:02Z,2026-05-08T17:09:02Z,viewed,1313470,Data Analyst,2026-05-15T16:03:02Z
8d620ffb-6a2a-465d-887d-5a1263308b02,817adaa9-b180-477e-8a5b-488dc7958d3a,2026-04-27T19:06:43Z,2026-04-27T19:12:43Z,signed,2837213,DevOps Engineer,2026-05-04T19:06:43Z
df80d2f2-adff-492f-b55b-89c382c9a055,464dda87-f27e-4d7f-b15e-4fe386b94d66,2026-04-22T09:47:36Z,2026-04-22T10:39:36Z,signed,3021995,Software Engineer,2026-04-29T09:47:36Z
29544720-69fd-44f1-bdb8-fc760dfaa6d6,8d8098b6-0ccd-48e3-8305-5aec692c75fb,2026-05-24T17:28:50Z,2026-05-24T19:02:50Z,signed,1856756,DevOps Engineer,2026-05-31T17:28:50Z
bed0e713-6982-441a-9511-6d16342d5d28,c6ef39dd-bdc3-462d-9a17-00cc5659bc9b,2026-04-18T01:26:35Z,2026-04-18T02:59:35Z,viewed,2235008,Operations Lead,2026-04-25T01:26:35Z
480712eb-a4ea-40e8-a819-c365af18cf24,50fe7a15-c6ba-4159-9c9a-60e087b7d26b,2026-05-06T13:14:05Z,2026-05-06T13:43:05Z,signed,2725826,Product Manager,2026-05-13T13:14:05Z
807ff336-ca10-4ab6-ae6b-257f97494c47,c850a645-b389-41c7-b4c2-6a81070ad897,2026-05-07T16:15:25Z,2026-05-07T16:57:25Z,signed,1178187,Content Strategist,2026-05-14T16:15:25Z
090f77ed-9909-47fe-bd16-0db593fd7aeb,1dca675a-cd3f-4f07-aaee-77830a5846f2,2026-04-29T01:48:38Z,2026-04-29T03:32:38Z,signed,2486872,DevOps Engineer,2026-05-06T01:48:38Z
9ff27914-eceb-45bf-9355-9816b2eb169d,dd5e9456-60dc-4250-b692-4d8cedd228ec,2026-06-13T06:44:40Z,2026-06-13T07:30:40Z,signed,1149265,ML Engineer,2026-06-20T06:44:40Z
fca02082-d4ec-4a6b-840d-32758402f863,272e85c3-00e4-4d65-9bf3-fe88ceb87734,2026-06-08T15:01:07Z,2026-06-08T15:30:07Z,viewed,2605454,Legal Counsel,2026-06-15T15:01:07Z
bcd3178f-0b03-4d75-8f3a-b205ed61e024,48e63894-cec9-4294-984c-6fdc3d22ca21,2026-06-23T11:31:08Z,2026-06-23T12:53:08Z,signed,654595,Marketing Specialist,2026-06-30T11:31:08Z
828a3868-32db-45bf-9305-f39f2ee86e8c,78ca83a5-3757-459f-a2f1-28a232cb07f9,2026-04-17T01:28:08Z,,generated,2144634,ML Engineer,2026-04-24T01:28:08Z
bd998bb0-a6d6-4704-9301-cbc46ffc193a,2935e2cc-4bc3-4e2a-8a8a-5c04f6af32b3,2026-04-12T03:09:40Z,2026-04-12T04:59:40Z,viewed,726884,UX Designer,2026-04-19T03:09:40Z
0d444121-ee37-44a6-afdc-dfefd41ac167,4575dbf5-2d04-4c2f-b9d7-a9729c5b4b4a,2026-06-18T19:35:33Z,2026-06-18T20:09:33Z,signed,2742197,Frontend Engineer,2026-06-25T19:35:33Z
5d202a0e-702b-42de-8a80-d61f20c34c25,78ca83a5-3757-459f-a2f1-28a232cb07f9,2026-05-18T22:26:48Z,2026-05-19T00:09:48Z,signed,3723824,Product Manager,2026-05-25T22:26:48Z
0ef377cc-9d7d-46d7-8e09-cfb98d501c60,f5a553e4-3f0b-46d6-9c34-9d412670a52f,2026-05-20T06:12:03Z,2026-05-20T07:41:03Z,viewed,2707208,Marketing Specialist,2026-05-27T06:12:03Z
1bc7a856-d497-463d-bd8e-b79a89bcdf0c,a75d076f-1420-4c6c-890f-d0262ce023b9,2026-05-19T05:04:02Z,2026-05-19T06:04:02Z,signed,3522987,Sales Executive,2026-05-26T05:04:02Z
68a2c604-2dd8-416a-9142-7b067c48fea8,16ea04f2-78c6-4800-994e-78a69d253f03,2026-05-15T07:43:13Z,2026-05-15T08:38:13Z,signed,1720805,Software Engineer,2026-05-22T07:43:13Z
dcf14a32-d833-46cf-a6ec-5a80a21d746f,1a4dd2fb-b0ef-4a96-acf5-81393692b097,2026-05-05T11:46:05Z,2026-05-05T13:04:05Z,sent,1048920,Data Analyst,2026-05-12T11:46:05Z
4e570866-7f97-4fe1-ba76-a635a6a44283,d0cb8438-65f5-4bff-9f4b-4aee2650e95b,2026-05-14T13:09:27Z,2026-05-14T13:31:27Z,signed,2786831,Content Strategist,2026-05-21T13:09:27Z
22566974-7e19-4b30-93ba-7b8698ef8809,d0eaf596-063e-46b3-a95a-952e5157c04b,2026-04-17T22:55:59Z,2026-04-17T23:41:59Z,viewed,2816894,ML Engineer,2026-04-24T22:55:59Z
2529a951-5b14-4dd2-b951-b86125c00533,0a881485-d628-43ba-a18b-80dd8e448d99,2026-05-01T10:54:27Z,2026-05-01T11:03:27Z,signed,2221604,Financial Analyst,2026-05-08T10:54:27Z
10037f00-bcfa-431b-826c-92acae8f393d,fb4d6d3b-6aad-435a-8c03-35aae573fadc,2026-04-04T19:08:50Z,2026-04-04T20:48:50Z,signed,572730,Marketing Specialist,2026-04-11T19:08:50Z
3117521c-e65f-4bee-8ce8-2cb1809292ab,60cb8d21-91b0-45b7-8329-35b88bc732f2,2026-05-04T09:33:16Z,2026-05-04T10:42:16Z,signed,2516988,Data Analyst,2026-05-11T09:33:16Z
bd704d3c-7a0d-44b2-a335-e73b39ce8356,711693b0-f80b-47ce-9076-f13fe92ff091,2026-05-17T07:24:49Z,2026-05-17T08:19:49Z,signed,756847,Financial Analyst,2026-05-24T07:24:49Z
608d5131-30d4-4afd-9044-9f4a45edcfe7,09af202f-4c6a-464a-a714-dd3e6cc974f5,2026-05-17T01:27:33Z,2026-05-17T01:48:33Z,signed,2983677,Frontend Engineer,2026-05-24T01:27:33Z
229309f4-34ec-4276-a9b8-4c18fd47f9c7,6323ab2f-e146-44b0-ac5f-dc33c36696aa,2026-06-04T08:06:09Z,2026-06-04T08:45:09Z,rejected,2176458,Marketing Specialist,2026-06-11T08:06:09Z
08e059f9-8eb4-45f8-96dd-c84923c1471e,b211aa7e-73be-462a-b276-da94a58a7bc8,2026-06-09T18:01:25Z,2026-06-09T19:22:25Z,viewed,3767170,HR Business Partner,2026-06-16T18:01:25Z
854a57b8-0b16-45c9-b804-9c17730b17a0,d823641a-6ecc-431f-96df-478803d75078,2026-05-16T11:32:33Z,2026-05-16T13:21:33Z,signed,1419418,Legal Counsel,2026-05-23T11:32:33Z
9d1ce89f-4a53-4edc-8895-17c8d2f24235,65ec9cb4-2f33-4778-9b6e-a0d80efcad6f,2026-04-04T21:33:26Z,2026-04-04T22:14:26Z,signed,2656558,UX Designer,2026-04-11T21:33:26Z
1ddecf94-9507-4b3a-bf01-59d45587c08c,102481c1-ab00-46d9-a728-649c6d4bff3c,2026-05-06T04:38:10Z,2026-05-06T05:16:10Z,viewed,3202888,Software Engineer,2026-05-13T04:38:10Z
0595944a-e2ae-4250-9c38-a030e034486b,61b8aeff-d441-4d06-9ef9-c209e36cf5a2,2026-05-02T15:23:49Z,2026-05-02T16:35:49Z,signed,2350187,Backend Engineer,2026-05-09T15:23:49Z
dc620718-921b-4dc0-bbc4-b915dcfbefec,1eab3584-cddf-491a-a794-646e14bb5dad,2026-06-21T18:42:46Z,2026-06-21T19:21:46Z,rejected,1369591,Financial Analyst,2026-06-28T18:42:46Z
329badc2-09f3-4ff3-8422-e185ef102e4f,83a1c9a5-7bb6-42a5-b619-dfef9f9ef975,2026-04-20T08:12:07Z,2026-04-20T08:57:07Z,signed,1678958,Marketing Specialist,2026-04-27T08:12:07Z
4b024e36-6adb-4feb-9ce5-8fd8060a0a01,f527a5bf-71b9-4ade-86ae-82c3e8da68a2,2026-05-21T01:12:32Z,2026-05-21T01:19:32Z,signed,3024763,Sales Executive,2026-05-28T01:12:32Z
49757cd2-e326-45cb-864f-4799a9f25eb0,04b26556-98af-4c76-9d25-7c50c89b8923,2026-04-02T19:06:34Z,,generated,523588,Operations Lead,2026-04-09T19:06:34Z
d466073f-bfbe-4f38-8bde-f46a448009c2,f1d2ebd2-0ced-4d26-9de9-777cce0be121,2026-06-06T08:15:04Z,2026-06-06T10:14:04Z,viewed,3243716,Legal Counsel,2026-06-13T08:15:04Z
9860433c-a60e-40de-a1b1-845366f21237,2be7a10a-3daf-4b37-be81-5e819ce40546,2026-05-18T17:26:23Z,2026-05-18T17:50:23Z,signed,2837019,Operations Lead,2026-05-25T17:26:23Z
8b0f9680-85af-4040-9b11-085f0d2c164e,addf7a71-8de7-4cbe-a5c5-44ccf4c14ebb,2026-04-05T11:55:19Z,2026-04-05T13:28:19Z,signed,1062901,Marketing Specialist,2026-04-12T11:55:19Z
d7a63cab-f704-4808-b7d7-1489d8cbdc4c,935108cb-2939-4ea0-9c4b-af2effa3436f,2026-05-05T03:11:59Z,2026-05-05T04:48:59Z,viewed,2136610,Financial Analyst,2026-05-12T03:11:59Z
073428f3-0543-4697-ba11-cea5fedb4942,84472e62-d337-4d10-8b59-a8c808f20689,2026-05-16T05:37:18Z,2026-05-16T07:27:18Z,sent,3496820,Sales Executive,2026-05-23T05:37:18Z
757dc9be-b945-4f85-ad9f-c6f527ef3f03,4fa824b1-0c68-4a4e-ac62-f84bce366f82,2026-04-13T14:26:38Z,2026-04-13T14:47:38Z,signed,1368516,Backend Engineer,2026-04-20T14:26:38Z
bb98b65c-7a28-463c-aebc-d4e4e3c9c102,2440a12d-20b5-4d72-a27f-163a42839bd7,2026-05-24T08:45:26Z,2026-05-24T10:29:26Z,signed,2461272,HR Business Partner,2026-05-31T08:45:26Z
0669427e-a313-4e14-bffd-c06bceefb74f,53fa2b59-d41b-4698-9765-67b4f98e7176,2026-06-12T08:14:49Z,2026-06-12T08:23:49Z,viewed,3215800,UX Designer,2026-06-19T08:14:49Z
bc76440c-5b41-4e3c-afa4-d4f0ce03bf67,246ba310-980c-4d46-8c07-5a907bb33c68,2026-06-21T19:47:17Z,2026-06-21T20:48:17Z,sent,2454969,Frontend Engineer,2026-06-28T19:47:17Z
d55796a3-06af-472e-bebf-80ca52541348,99d733a1-b7e6-40b6-a8d2-322850451489,2026-04-05T02:09:54Z,2026-04-05T02:45:54Z,viewed,1712387,Financial Analyst,2026-04-12T02:09:54Z
5ef71f2c-4727-4262-b87d-ce432630462d,380dc1f2-c54b-4510-b4eb-5dac34acb3ba,2026-05-01T14:13:44Z,2026-05-01T15:40:44Z,sent,3700581,Software Engineer,2026-05-08T14:13:44Z
5ce57760-b99a-49ac-9f49-8d5f9f0d326b,59bb62c0-33f7-4739-85bd-79243a66b1e6,2026-06-17T15:10:17Z,2026-06-17T17:00:17Z,sent,1430631,Operations Lead,2026-06-24T15:10:17Z
8c0a0d96-0c33-481e-adfd-bfd110df1bdc,502a9d19-374f-4244-bc2a-ef264676d56e,2026-05-20T20:03:21Z,,generated,564633,Operations Lead,2026-05-27T20:03:21Z
06f13e44-5bae-40ab-b87a-4b2665687540,04b26556-98af-4c76-9d25-7c50c89b8923,2026-05-09T03:14:04Z,2026-05-09T03:25:04Z,viewed,1599212,HR Business Partner,2026-05-16T03:14:04Z
31ed0c67-73b3-4973-9a82-022787a6d81f,b1dd6990-8b32-4021-a452-02e610ff36e0,2026-05-18T05:29:19Z,2026-05-18T05:40:19Z,viewed,3431000,Operations Lead,2026-05-25T05:29:19Z
44fedf3a-ac23-46ad-ac56-40c48b89807e,f9cfa7ee-9c95-451b-8059-c04341abafc7,2026-06-10T18:59:57Z,2026-06-10T20:58:57Z,signed,3389005,Content Strategist,2026-06-17T18:59:57Z
b4f8ab19-c260-4436-9799-122b68337227,67aa3c58-2173-4690-9bf4-04f4d2f84f74,2026-04-03T13:24:36Z,2026-04-03T14:01:36Z,viewed,918182,Data Analyst,2026-04-10T13:24:36Z
faa126f5-97fa-47a7-afe8-9ebd35592241,9cc4fee6-8adb-4cc5-9ca7-f1990a925218,2026-04-20T16:16:09Z,2026-04-20T17:07:09Z,viewed,1070667,Financial Analyst,2026-04-27T16:16:09Z
d1db925a-f44e-46ef-b8cf-dcfe3f3eb3cb,f5a553e4-3f0b-46d6-9c34-9d412670a52f,2026-05-22T07:01:05Z,2026-05-22T07:27:05Z,sent,2771843,ML Engineer,2026-05-29T07:01:05Z
ac7cbc79-c2b6-49af-b1e7-38f7f8b5f872,3613f47c-61a9-4577-ac40-6374a547faa8,2026-06-12T12:07:13Z,2026-06-12T12:34:13Z,signed,893057,Content Strategist,2026-06-19T12:07:13Z
c34143fb-4baf-48d2-9288-44052f1897db,fe39b92e-74e8-4699-b6f9-155432a85b64,2026-06-08T13:13:05Z,2026-06-08T14:55:05Z,viewed,424119,Legal Counsel,2026-06-15T13:13:05Z
33ffb6db-b349-4633-a4f6-e819464e4c0f,a7e6389d-2c02-4ffd-a082-a5193a422fa6,2026-06-05T03:36:00Z,2026-06-05T05:05:00Z,signed,1566490,Legal Counsel,2026-06-12T03:36:00Z
0a98712d-3a81-4a45-990a-8b6303b35a39,bbb8843b-568a-474d-8ac4-8d88c70f27e2,2026-04-09T14:52:32Z,2026-04-09T15:03:32Z,signed,2930362,Sales Executive,2026-04-16T14:52:32Z
52f8f52d-7035-4871-9303-07a120a7f5c5,a58619c2-58b9-4f27-8fd0-bc1aed52242a,2026-06-19T17:32:05Z,2026-06-19T18:30:05Z,sent,1076688,Backend Engineer,2026-06-26T17:32:05Z
a6fd9964-47e6-4b4e-8cce-39900acf78a3,56b3d144-446e-4c50-b4ae-4af93a40c043,2026-04-29T21:57:16Z,2026-04-29T23:31:16Z,viewed,1910740,Content Strategist,2026-05-06T21:57:16Z
84bfdae1-9d9d-4ea0-a5f7-1db3431d728f,fe2f698b-fcc4-4f91-8386-c4ca4e2879c8,2026-06-19T04:53:49Z,2026-06-19T05:39:49Z,viewed,672318,Sales Executive,2026-06-26T04:53:49Z
43e523b6-9e04-4076-8a7e-043d663c1240,3a9d4282-8a2b-4690-a56a-c9bee38e7ad2,2026-06-15T04:22:57Z,2026-06-15T06:17:57Z,signed,2796487,Frontend Engineer,2026-06-22T04:22:57Z
19b07bed-6c34-4863-b4fc-8f705b6e8467,dcc771bf-bfd8-4477-aa12-71b8d5bcc94f,2026-06-19T17:36:41Z,2026-06-19T19:09:41Z,signed,1884168,Content Strategist,2026-06-26T17:36:41Z
09222775-cbff-4133-8664-83601c353630,8baca1df-2dda-4f77-a86c-6804a9f11d53,2026-04-29T14:29:51Z,2026-04-29T15:40:51Z,viewed,1376105,Frontend Engineer,2026-05-06T14:29:51Z
046cbb58-0633-4ae2-8f6f-7e22d9b268e1,6c43c0e3-aafd-48ca-a4fa-0c030e186a96,2026-06-09T10:52:48Z,2026-06-09T11:00:48Z,viewed,2139093,Financial Analyst,2026-06-16T10:52:48Z
c642a1dd-743d-4dfc-8868-5202738ce7b4,a6e1e90a-0b73-43bf-8d17-fdda73f91918,2026-05-26T20:06:16Z,2026-05-26T21:54:16Z,signed,1659482,Operations Lead,2026-06-02T20:06:16Z
1a9af452-962d-4e88-98b9-65a263c70192,f5a553e4-3f0b-46d6-9c34-9d412670a52f,2026-05-27T19:05:58Z,2026-05-27T19:24:58Z,viewed,522127,ML Engineer,2026-06-03T19:05:58Z
3d2c6002-f511-4fc1-a179-2696c402aa6a,0e827982-a747-400d-aa05-33eaa2a0cfe9,2026-06-09T09:48:28Z,2026-06-09T10:36:28Z,sent,2409525,Content Strategist,2026-06-16T09:48:28Z
2507f1a4-6f10-46c9-bdf4-85604962d9a4,4ef2b0a2-6c6c-46ce-bcb1-f8f72efc47bb,2026-04-11T20:09:34Z,2026-04-11T20:31:34Z,viewed,1805551,HR Business Partner,2026-04-18T20:09:34Z
99c742fe-74ba-43a8-a671-8b924cfdb1d3,7e1976de-d3c0-4e7f-b065-c55a157b483a,2026-04-17T03:32:57Z,2026-04-17T04:43:57Z,signed,3753494,Content Strategist,2026-04-24T03:32:57Z
b1112ec5-5d21-4625-b2e5-0fd912c0dbcc,5dff8345-5b91-4099-acaf-3dbbf1f3cc1c,2026-06-21T19:36:33Z,,generated,1576334,ML Engineer,2026-06-28T19:36:33Z
d80fbe1e-ba97-40d3-bd5d-4e11225aeaf8,560d5e0d-a9c8-4893-bce9-004fc51f3fa3,2026-05-26T07:36:52Z,,generated,3027776,Operations Lead,2026-06-02T07:36:52Z
8587e622-9fa8-4495-a205-33ec4154199d,f401ea48-2cdc-4e8d-b499-535f39e9280d,2026-05-03T19:24:47Z,2026-05-03T19:52:47Z,viewed,1538742,Financial Analyst,2026-05-10T19:24:47Z
ac56bcd1-7da8-4f51-94c6-c66ed9d350ff,2e8428ee-b0a3-4884-aa38-d6425afcbef5,2026-05-10T23:40:34Z,2026-05-11T00:32:34Z,signed,3662289,UX Designer,2026-05-17T23:40:34Z
560c32bb-c7b3-4143-b491-e99383a3bd8d,b2e65e01-fc31-40cb-808a-68c0c2a4a2ee,2026-05-16T03:49:42Z,2026-05-16T05:36:42Z,signed,1701738,DevOps Engineer,2026-05-23T03:49:42Z
03614a0f-1afb-4b33-9392-ee46c9499566,c2e3dd45-677d-4d12-b8d2-4fc9a216cec5,2026-06-14T07:59:43Z,2026-06-14T08:16:43Z,viewed,553312,HR Business Partner,2026-06-21T07:59:43Z
f2c0efc3-fdd8-4fd4-9a9a-c2419a7ea780,04b26556-98af-4c76-9d25-7c50c89b8923,2026-04-19T22:54:29Z,2026-04-19T23:13:29Z,viewed,1797918,HR Business Partner,2026-04-26T22:54:29Z
0234c462-7c8b-45b3-8725-2084f1ae1588,60d02014-9afa-4a6a-b431-2635e82e8aa4,2026-06-18T05:38:59Z,2026-06-18T07:07:59Z,viewed,1280156,Marketing Specialist,2026-06-25T05:38:59Z
f0f32472-04dc-43e7-8234-bc81ccb00cbf,cc2a0a51-8812-4774-9874-5487e940cf9a,2026-06-09T13:13:59Z,2026-06-09T14:26:59Z,signed,3012820,Operations Lead,2026-06-16T13:13:59Z
3f7edc5c-9136-4535-b289-f6ab04e03515,e1fdc0ea-6f65-40b2-be5b-488f06bb81a2,2026-06-18T07:20:42Z,2026-06-18T08:09:42Z,viewed,2807878,UX Designer,2026-06-25T07:20:42Z
58a0982f-4691-4abc-ae3d-32b46829e620,af1e0ee7-6577-4d0a-afcd-ff3d01608dc6,2026-06-21T07:53:20Z,2026-06-21T09:52:20Z,signed,625653,Data Analyst,2026-06-28T07:53:20Z
3a6a14df-aba0-4f1a-b068-1b781a71b864,79ee0e2c-0017-4e93-b8b1-19bd7b2ed07a,2026-05-21T04:39:52Z,2026-05-21T06:00:52Z,sent,3040191,ML Engineer,2026-05-28T04:39:52Z
9bf17475-4c3c-4835-8a14-a796655bcfbf,caec8426-6362-4ef0-8f84-298e9a100f16,2026-04-29T09:46:41Z,2026-04-29T10:33:41Z,signed,3809344,DevOps Engineer,2026-05-06T09:46:41Z
e5155b97-d1f2-4e86-961b-0bae290338d9,1f056bbd-573b-426c-882e-38a6ad5aafae,2026-06-18T19:15:27Z,2026-06-18T20:47:27Z,signed,1482351,Content Strategist,2026-06-25T19:15:27Z
b4d384d3-c42d-4b67-ba8b-ec445aa26d5e,e820dc06-2472-439b-8c36-499eeeba6dbe,2026-05-21T04:17:29Z,2026-05-21T05:47:29Z,signed,2334587,ML Engineer,2026-05-28T04:17:29Z
e465c16b-43cc-48e5-aba6-d605fd3ed619,b255f7a8-347e-4c2c-9d2b-f8250829664b,2026-05-31T20:11:22Z,2026-05-31T21:33:22Z,signed,697476,DevOps Engineer,2026-06-07T20:11:22Z
d7eddbda-481d-45c1-a20e-e126268433ef,f230da45-a272-47ad-9f2a-6577f5f6b99e,2026-05-07T12:30:35Z,2026-05-07T13:50:35Z,signed,3813809,Frontend Engineer,2026-05-14T12:30:35Z
4605f699-5add-4977-9782-034b83fc18a1,b2d851c6-6c2b-4c5e-ba41-0ef55a1b3739,2026-04-13T02:18:46Z,,generated,2779056,DevOps Engineer,2026-04-20T02:18:46Z
6e7ba289-733e-4567-b418-50afe38aac7f,83763ce4-19e7-464a-b70c-0b0066759f1f,2026-05-06T09:03:26Z,2026-05-06T09:30:26Z,viewed,2441075,Data Analyst,2026-05-13T09:03:26Z
ec9a26fb-d256-42ba-8dbb-16f02f9f75a0,b058bfab-8bea-436e-94f4-5f153cec16bf,2026-05-27T15:42:39Z,2026-05-27T17:32:39Z,signed,3838766,Financial Analyst,2026-06-03T15:42:39Z
deaae515-8439-4b7f-bbd5-18299a2ea69f,c2e3dd45-677d-4d12-b8d2-4fc9a216cec5,2026-05-11T06:06:20Z,2026-05-11T06:18:20Z,viewed,400773,DevOps Engineer,2026-05-18T06:06:20Z
4b36d95a-6285-4762-bf48-da90460e1417,138578cc-dfef-4042-92b1-2daee2f54eb5,2026-04-25T01:55:54Z,2026-04-25T03:08:54Z,signed,2791912,DevOps Engineer,2026-05-02T01:55:54Z
874dac38-63ed-4384-977d-d62d030f4bb0,b8ac0c3b-6a6d-4863-a709-a9314e6712be,2026-05-17T00:54:34Z,2026-05-17T01:43:34Z,sent,2844134,Software Engineer,2026-05-24T00:54:34Z
90f5e06f-d712-46f0-bd14-bd3fd05f8847,cf6cd9be-7c6c-4e47-815f-5bbfc25f8304,2026-05-20T00:02:55Z,2026-05-20T01:56:55Z,rejected,860108,ML Engineer,2026-05-27T00:02:55Z
549c30a8-352e-421e-be9a-0574e38cb9a9,d257566c-15ea-4a8e-be3c-93c1276cfa14,2026-04-05T04:43:01Z,2026-04-05T05:43:01Z,signed,1285904,Backend Engineer,2026-04-12T04:43:01Z
1a5eee29-3c5c-45a6-9a5d-24d8c14555e4,a08f4df2-9875-4348-ade9-36fdc81d71f2,2026-05-13T03:21:58Z,2026-05-13T04:37:58Z,signed,700924,Backend Engineer,2026-05-20T03:21:58Z
cd79a5f7-b74b-4774-9d6d-a4c0c8b9a1e6,8d17ae90-9389-4ea8-990e-a718124db925,2026-06-14T06:21:43Z,2026-06-14T07:28:43Z,signed,3709005,Frontend Engineer,2026-06-21T06:21:43Z
f51b5c50-faa8-416a-a934-5382a9b8564a,803c2792-5a1b-4be2-a48c-4ae584dee2ed,2026-04-28T17:37:21Z,2026-04-28T18:47:21Z,signed,2489421,ML Engineer,2026-05-05T17:37:21Z
5d974bfe-89c6-49bc-824c-55a629539867,04b394fa-b671-4f44-b487-afbdfa726bf1,2026-04-20T02:30:49Z,2026-04-20T03:27:49Z,sent,2817396,Marketing Specialist,2026-04-27T02:30:49Z
dd378141-63cd-4fdc-a705-946f2524a56d,ffc66c8b-791c-44e3-a153-e4e046d69e2e,2026-06-24T13:39:54Z,2026-06-24T15:14:54Z,rejected,2350084,Operations Lead,2026-07-01T13:39:54Z
978d5fdf-1d90-4a52-bf5a-8ad0fc6ec5db,53bcec69-3eba-4303-8abd-2743ecdd18b1,2026-05-08T10:23:14Z,2026-05-08T10:39:14Z,signed,3747466,Legal Counsel,2026-05-15T10:23:14Z
ed595634-2ee3-405a-bbcf-10bfae00d7d4,64f5ffbe-ed89-46d4-a727-da3268151953,2026-04-29T17:24:44Z,2026-04-29T18:12:44Z,signed,2165869,Marketing Specialist,2026-05-06T17:24:44Z
9ab0dbc0-c8ce-42a7-8919-478a67598026,50fe7a15-c6ba-4159-9c9a-60e087b7d26b,2026-05-31T03:59:32Z,2026-05-31T05:32:32Z,sent,3543317,Sales Executive,2026-06-07T03:59:32Z
d6894993-5b88-41a3-afd2-66ccdfd98289,3d127be5-dddb-44b0-b6a0-8ff452d0cfe7,2026-06-02T23:01:13Z,2026-06-03T00:06:13Z,signed,2433231,Data Analyst,2026-06-09T23:01:13Z
5ea153e6-144b-4f03-afe1-7b688d9d3a19,037801ce-6a69-4430-aa34-f6ec2ba6a8b0,2026-05-10T03:46:21Z,2026-05-10T05:31:21Z,signed,2932611,Product Manager,2026-05-17T03:46:21Z
4375ebfd-601d-44cb-acd0-57857e37a46f,49b07efc-d0fd-411a-8e89-bc1597f6f5c3,2026-04-25T05:57:10Z,2026-04-25T07:45:10Z,signed,1008468,Legal Counsel,2026-05-02T05:57:10Z
b9efb178-3982-48ae-809c-bbfb6d0008dc,a1712ac5-c06a-481e-b9d0-7ac4fe06b14c,2026-04-07T22:06:51Z,2026-04-07T23:03:51Z,signed,3930903,Marketing Specialist,2026-04-14T22:06:51Z
36d5f4e2-53d9-48c0-85bf-bee4d5fb67fa,f2b9068a-10b1-4e4e-912d-1c0742d1d3c3,2026-04-26T21:19:12Z,2026-04-26T23:08:12Z,signed,2633554,UX Designer,2026-05-03T21:19:12Z
aad51a9e-6451-499c-bc55-ec0584ac87ce,acc5a0f5-7c70-4d7e-80cc-4a2d9f6689da,2026-04-22T21:12:11Z,2026-04-22T22:17:11Z,signed,2624044,Backend Engineer,2026-04-29T21:12:11Z
82540e6d-1a5d-41c4-b56d-6d2783e898aa,75efecd7-bc9c-4c66-aa5b-c87e16625f7e,2026-06-18T19:01:17Z,2026-06-18T20:27:17Z,viewed,1804955,Sales Executive,2026-06-25T19:01:17Z
481a9d07-b905-48ae-a8ff-f9c1499c178c,2cfd9218-7f16-4fad-bbfe-f51dab0e2aab,2026-04-11T08:21:51Z,2026-04-11T09:49:51Z,viewed,2869288,DevOps Engineer,2026-04-18T08:21:51Z
5906a396-20b6-4b30-bad0-02e4a79b68e4,d3fdbc43-b33e-43bc-9dee-b21e9619ad94,2026-05-08T18:19:12Z,2026-05-08T19:52:12Z,sent,1713948,Operations Lead,2026-05-15T18:19:12Z
d7c177b9-e8d4-4f05-890a-475fb1a6c600,5e8d46d6-6d71-44b6-9eba-a8f026163681,2026-04-23T22:09:17Z,2026-04-23T22:22:17Z,signed,1456528,UX Designer,2026-04-30T22:09:17Z
c362f47d-f8bd-4e4f-9318-3ba637554ce5,ffc66c8b-791c-44e3-a153-e4e046d69e2e,2026-06-25T22:40:15Z,2026-06-25T22:52:15Z,sent,3154003,Content Strategist,2026-07-02T22:40:15Z
93b2e5e3-efef-4680-9d11-495a0ef7806b,d0eaf596-063e-46b3-a95a-952e5157c04b,2026-05-01T01:13:43Z,2026-05-01T02:48:43Z,sent,762330,ML Engineer,2026-05-08T01:13:43Z
898e5309-6ee6-468f-9df3-83ed5b8cf0de,b3953fb2-5d65-42a2-89fb-f105f253f7e5,2026-05-22T17:51:01Z,2026-05-22T19:51:01Z,viewed,2358553,Backend Engineer,2026-05-29T17:51:01Z
f67e04da-59e7-42da-ac54-a21df3d2db87,dbe897b9-1e11-4f9d-9db8-09079c6f4dea,2026-04-27T05:25:49Z,2026-04-27T06:05:49Z,viewed,1079334,DevOps Engineer,2026-05-04T05:25:49Z
6686598c-adfc-4833-8a47-d550d6707e0b,6f2a5c45-64f7-4178-add2-2ff876b3dc99,2026-06-01T07:46:13Z,2026-06-01T08:39:13Z,viewed,2247904,Data Analyst,2026-06-08T07:46:13Z
0d9d4e5e-968e-4af8-9a0e-e6f7409c04b6,a5d19017-f8f9-407a-a513-0bf8d9a6c7e4,2026-06-08T18:18:14Z,2026-06-08T18:45:14Z,signed,2252127,Frontend Engineer,2026-06-15T18:18:14Z
3acc0a40-c982-40b6-ab3f-39a8442e7d6f,fecf2626-083b-4939-ad7d-3bfc52bea676,2026-06-18T05:13:13Z,2026-06-18T05:27:13Z,signed,558694,Backend Engineer,2026-06-25T05:13:13Z
6f2cbb09-5968-4540-8835-4538b7f282e6,3aba1a77-4692-4ef2-bc48-861765244ce4,2026-06-02T09:03:17Z,2026-06-02T09:50:17Z,sent,2810215,Software Engineer,2026-06-09T09:03:17Z
2eecff56-f559-4439-99a1-40eac09de186,cbbd74a5-7e69-4838-ab25-6cb643cde20a,2026-04-20T13:03:22Z,,generated,2458058,HR Business Partner,2026-04-27T13:03:22Z
7b60a7f1-ea19-4635-a6c6-fc243a107db7,acec1ca9-0481-4b5a-9a55-1a5f0c0812b5,2026-05-20T00:42:43Z,2026-05-20T02:26:43Z,signed,908364,Legal Counsel,2026-05-27T00:42:43Z
dded5794-6b08-4dc3-a703-16035cd5b84e,0e5eaca7-307f-4c25-b9f4-a3c301bc2b2d,2026-05-24T09:33:23Z,2026-05-24T10:16:23Z,signed,3589571,DevOps Engineer,2026-05-31T09:33:23Z
817def23-a44d-4f25-a33a-0c6426f5ea55,c68bcc2c-85f9-4533-ac7d-811af3774fa2,2026-04-26T08:25:51Z,2026-04-26T09:40:51Z,signed,3289215,Marketing Specialist,2026-05-03T08:25:51Z
5fbd3aad-0de7-4806-9214-ae20e3f5f745,ac911a9b-5ad8-427e-a3b7-dce9a64db43d,2026-06-20T00:09:10Z,2026-06-20T01:10:10Z,signed,664210,DevOps Engineer,2026-06-27T00:09:10Z
e5ca3962-048e-49ea-a30d-30e3659e9287,7f772bfc-5b05-402d-b5b3-f3f43c82f324,2026-04-26T18:38:54Z,2026-04-26T19:51:54Z,sent,3804844,HR Business Partner,2026-05-03T18:38:54Z
b3c29e57-4de9-44df-bdc2-d9c31bd03c01,8d17ae90-9389-4ea8-990e-a718124db925,2026-06-24T15:34:52Z,2026-06-24T16:22:52Z,signed,3244064,ML Engineer,2026-07-01T15:34:52Z
55a81657-b2b8-4d42-b825-03d77ca2433e,8eaab8fd-9fdc-48d4-8da8-37be62360d0f,2026-06-13T18:48:35Z,2026-06-13T19:22:35Z,sent,554676,Frontend Engineer,2026-06-20T18:48:35Z
bd2e3180-4925-49ff-ad19-853b6ba971ea,61adfa97-3bb1-446e-a7d9-f5354b6f7e24,2026-05-11T18:41:22Z,2026-05-11T19:46:22Z,sent,2993640,Software Engineer,2026-05-18T18:41:22Z
ce92903a-59c7-4ff6-87a8-0ca7092ae8c1,17548196-4d3d-48ed-9b5a-d8ff5465e639,2026-04-21T03:45:24Z,2026-04-21T03:51:24Z,rejected,3903720,Legal Counsel,2026-04-28T03:45:24Z
4cfba5ad-614e-4f60-9467-9591ef5dcba2,0a2365c9-18c3-4d20-80d0-04e60ed50ee3,2026-04-09T20:17:03Z,2026-04-09T20:36:03Z,signed,3495096,Backend Engineer,2026-04-16T20:17:03Z
77f25f17-ab19-4cb8-b0a6-2bf1ef622365,ca013328-fb20-46be-ad40-60c2d7a195ab,2026-05-27T18:22:29Z,2026-05-27T19:54:29Z,viewed,3605404,Software Engineer,2026-06-03T18:22:29Z
0687d25f-25aa-47f7-bcec-2120614d122d,a08f4df2-9875-4348-ade9-36fdc81d71f2,2026-05-26T16:06:59Z,2026-05-26T16:46:59Z,viewed,2239878,UX Designer,2026-06-02T16:06:59Z
010bd50e-34e2-4826-95d3-f32298faa84e,dca1499f-16cd-4f54-ae43-94377b8b2e05,2026-06-24T07:03:41Z,2026-06-24T08:49:41Z,rejected,426632,Software Engineer,2026-07-01T07:03:41Z
3b64b5eb-75b9-4b2e-a40b-1bbae7f84b5c,147cc7e7-1e7a-4f51-b674-daf4582132bc,2026-06-19T14:10:58Z,2026-06-19T15:30:58Z,sent,2145762,Frontend Engineer,2026-06-26T14:10:58Z
b31397cf-0e10-4632-b957-ba5a6917ef83,173aea5a-b393-460d-afd1-754009d6dc22,2026-04-22T00:35:06Z,2026-04-22T00:58:06Z,signed,1154976,Frontend Engineer,2026-04-29T00:35:06Z
d9b312c3-7fad-4769-a9ac-a44d4f467cba,530200ae-013f-4776-9057-365787d03128,2026-04-29T19:43:03Z,,generated,3030632,ML Engineer,2026-05-06T19:43:03Z
f0a17eac-6460-46b9-b1d4-22aec6543e59,cc964422-9ef5-437b-81f7-5a70c00d9250,2026-05-25T11:20:21Z,2026-05-25T12:36:21Z,viewed,3592403,Operations Lead,2026-06-01T11:20:21Z
6c706734-a7e5-44e4-97d0-4b860dcecf67,90d41d35-5cb4-4e20-bdb4-8c0c2f0c4871,2026-06-06T22:56:47Z,2026-06-07T00:21:47Z,signed,2389831,HR Business Partner,2026-06-13T22:56:47Z
93f26bca-c259-4663-b206-f71aedb8bd9c,1b8e3877-08dd-4de8-89e0-58aa102ed177,2026-06-12T17:37:48Z,2026-06-12T17:47:48Z,signed,3580993,HR Business Partner,2026-06-19T17:37:48Z
7c4f3591-431f-4654-b250-77a01d178d25,3aeeb01e-dc43-429e-9027-a38529ddd8ae,2026-06-18T02:34:41Z,2026-06-18T03:47:41Z,signed,2831697,Marketing Specialist,2026-06-25T02:34:41Z
5f79d532-e64b-4610-9715-aa8a262c4c92,93d3f384-122c-4b9a-8162-9ebf97da9810,2026-06-08T22:46:21Z,2026-06-09T00:45:21Z,signed,1975096,Content Strategist,2026-06-15T22:46:21Z
967c6758-1e21-4d76-953a-3e9e37130b8c,2c6b2f7b-17a4-40fd-b44d-c44677a7c52a,2026-06-21T02:33:37Z,2026-06-21T03:40:37Z,signed,972122,HR Business Partner,2026-06-28T02:33:37Z
4fe9c25e-d462-41b6-9a80-f7c2d3073550,aa423516-f939-486f-943e-76ce6a03f5ce,2026-04-27T21:10:51Z,2026-04-27T21:49:51Z,rejected,3972084,HR Business Partner,2026-05-04T21:10:51Z
614702a0-44fd-4b1b-868f-920302285097,30956dca-6a44-4121-9747-37cc675f5745,2026-05-18T15:21:53Z,2026-05-18T16:09:53Z,signed,762699,Financial Analyst,2026-05-25T15:21:53Z
2bf698d9-19cb-4aba-b572-92790b7de19f,4a82ee51-57a2-4703-ac99-a8fe39399edc,2026-05-11T17:56:49Z,2026-05-11T18:28:49Z,signed,1772778,Financial Analyst,2026-05-18T17:56:49Z
1d6a124d-fa36-423c-b6e7-43b45f4ffd69,d233259b-54ca-4ea6-bb8e-7c1e73e151f9,2026-06-06T15:39:07Z,2026-06-06T16:59:07Z,sent,2806275,Content Strategist,2026-06-13T15:39:07Z
4b02d1b9-6626-45e3-a203-d36c64b097ca,2ad14070-298d-481b-8c15-5fe9f1c637be,2026-05-18T16:25:04Z,,generated,568018,HR Business Partner,2026-05-25T16:25:04Z
eed18e6a-079a-4358-84e3-e0fcf81c3c9e,968b95de-7ee5-430e-85a0-2b831514e29c,2026-06-24T23:33:19Z,2026-06-25T00:28:19Z,signed,3307323,Frontend Engineer,2026-07-01T23:33:19Z
73cc7957-049a-4f24-9a11-5dbddc52082e,56f72a4b-039c-4634-8a41-5e3fe07a969f,2026-06-07T01:54:18Z,2026-06-07T02:36:18Z,signed,2792350,Frontend Engineer,2026-06-14T01:54:18Z
a8192827-11c1-4098-b637-7b8df16f26e6,3181019b-93c8-470a-bab7-1007c050bfd4,2026-06-25T21:00:33Z,,generated,2345153,DevOps Engineer,2026-07-02T21:00:33Z
80dea072-13e4-4e52-bfe4-bf04f590f2e6,708ab8aa-af06-4de3-a6f3-7e6d39ef5160,2026-04-04T08:51:55Z,2026-04-04T09:19:55Z,signed,2014300,Content Strategist,2026-04-11T08:51:55Z
9776d740-2401-4bdb-8621-4be4d127ae75,6b43385a-3bf4-4858-8b9c-16dba73c357d,2026-05-07T16:45:46Z,2026-05-07T17:44:46Z,signed,3002377,Content Strategist,2026-05-14T16:45:46Z
eb3e2146-a9ab-4c98-b3dc-c696e533d303,36e8115f-f8aa-4479-8bfe-36fb0d7066bb,2026-04-17T19:27:00Z,,generated,2558961,Content Strategist,2026-04-24T19:27:00Z
4c06e557-5936-4c2f-a055-95831eeaf128,e820dc06-2472-439b-8c36-499eeeba6dbe,2026-04-03T00:45:30Z,2026-04-03T01:39:30Z,signed,2751990,Frontend Engineer,2026-04-10T00:45:30Z
897ca835-a44a-4e0b-a832-c80e9d222a21,246ba310-980c-4d46-8c07-5a907bb33c68,2026-06-14T19:23:16Z,,generated,1400898,Operations Lead,2026-06-21T19:23:16Z
15d60ddf-3b12-4133-9c5f-7ac63b6ffdbe,9cc4fee6-8adb-4cc5-9ca7-f1990a925218,2026-04-26T05:31:40Z,2026-04-26T07:12:40Z,viewed,1521380,Operations Lead,2026-05-03T05:31:40Z
040118d1-5041-441d-a354-1fd7f90c62e8,7ca36ff2-f173-4e4c-a319-083dea5e5685,2026-06-01T08:06:05Z,2026-06-01T08:58:05Z,signed,3861890,Operations Lead,2026-06-08T08:06:05Z
bdc786c1-53b8-43a8-92d1-aaf70488641a,82944d21-c967-49bf-9caf-9217c46bd67b,2026-05-15T08:42:39Z,2026-05-15T10:29:39Z,signed,1149991,Sales Executive,2026-05-22T08:42:39Z
71d5fcbb-2887-4691-b042-f5242ef0d53e,6c92f9ad-7277-4a2a-995b-27fdda2b0db4,2026-06-17T15:03:29Z,2026-06-17T15:22:29Z,viewed,3030987,Software Engineer,2026-06-24T15:03:29Z
d30f50d4-c9a5-4e05-aee5-92a3d321d92d,cc938a3c-9cd5-488e-b327-981faeecb104,2026-05-18T19:17:46Z,,generated,2670942,Content Strategist,2026-05-25T19:17:46Z
643f112a-6b07-4e2d-b39b-0119b30f427a,b8480a6d-009c-4f8d-afb4-f8ce53482a8d,2026-05-13T05:37:06Z,2026-05-13T06:38:06Z,signed,3103950,Marketing Specialist,2026-05-20T05:37:06Z
30c8a08f-e75a-484c-913f-8873f4957c97,79fee2a4-ca06-47a4-89a7-358822d79661,2026-05-03T01:25:02Z,2026-05-03T02:52:02Z,signed,2779225,Product Manager,2026-05-10T01:25:02Z
5bd334c5-8fb3-4fc4-a1cd-37e653588b37,83e13278-39df-48bf-b3f7-c849b10a3447,2026-06-11T13:43:13Z,2026-06-11T14:17:13Z,signed,1596410,Product Manager,2026-06-18T13:43:13Z
784f13ac-33a7-4d50-8090-3e179971f915,0e827982-a747-400d-aa05-33eaa2a0cfe9,2026-04-07T18:06:44Z,2026-04-07T20:06:44Z,signed,1492226,Marketing Specialist,2026-04-14T18:06:44Z
36c3a6a4-b5f1-43a2-8b1b-43317bada4d1,05fdf90c-ea60-43ad-b25a-5cd3374ff5b9,2026-06-08T07:51:01Z,2026-06-08T08:00:01Z,signed,504543,Financial Analyst,2026-06-15T07:51:01Z
8fdfd6db-5be0-4392-9e54-72ffe96063e4,530200ae-013f-4776-9057-365787d03128,2026-04-14T15:07:11Z,2026-04-14T16:10:11Z,sent,1054534,Software Engineer,2026-04-21T15:07:11Z
7978928c-3458-4fbe-a595-fc28ca8bfd15,7f3f0ba5-e9b8-45ca-a1c1-415dbfb0fc4a,2026-05-09T23:32:53Z,2026-05-10T01:07:53Z,signed,2254325,Marketing Specialist,2026-05-16T23:32:53Z
3aa96ffb-d4d1-4c91-a5bf-159c2c2b3432,f9cfa7ee-9c95-451b-8059-c04341abafc7,2026-04-18T05:03:03Z,2026-04-18T05:13:03Z,signed,1899017,Data Analyst,2026-04-25T05:03:03Z
fbbc4fe8-a108-42ea-b338-2f7549243bb4,8107050b-7667-4fd4-86d6-f991d3edbcbe,2026-06-22T21:39:33Z,2026-06-22T22:08:33Z,signed,3216717,Data Analyst,2026-06-29T21:39:33Z
d10bc39b-536a-4ede-b6ef-2e920cc1e8c7,1adad09f-f986-4415-8f7d-02a0451fbb59,2026-05-20T22:49:23Z,2026-05-20T23:34:23Z,viewed,1020530,Frontend Engineer,2026-05-27T22:49:23Z
375440f0-38ca-4515-b40c-54e2a2d2bea0,3c05ea29-cdcf-461c-9127-c27c5b98723f,2026-05-23T08:35:48Z,2026-05-23T08:41:48Z,viewed,767415,UX Designer,2026-05-30T08:35:48Z
8fdbfad0-5142-477b-82ca-36a76e4661c9,ba2e0833-fa18-441e-bc92-438ac635b2ab,2026-04-17T06:00:44Z,,generated,3770901,HR Business Partner,2026-04-24T06:00:44Z
734e251e-e68d-49b8-98af-ef91b6d90f52,8a84d38b-1019-4706-a60d-f8daa92ef193,2026-06-12T08:14:16Z,2026-06-12T10:13:16Z,viewed,1002466,UX Designer,2026-06-19T08:14:16Z
ec84c4ec-59dd-4713-8c57-0083f92a4764,84472e62-d337-4d10-8b59-a8c808f20689,2026-05-13T03:58:05Z,,generated,2603272,Marketing Specialist,2026-05-20T03:58:05Z
a982f121-1a3f-46bd-a255-8aa9d124a5df,54bbeeb3-b52e-41aa-a61d-49d808f0c2fb,2026-05-01T21:30:55Z,2026-05-01T21:46:55Z,signed,974313,UX Designer,2026-05-08T21:30:55Z
2adaeb48-bdcd-45fe-ac69-b68ab9418a40,623b9a0f-f186-4dba-994e-90aded247b68,2026-04-08T10:32:07Z,2026-04-08T11:47:07Z,signed,3718615,Software Engineer,2026-04-15T10:32:07Z
cddfb4be-c453-4105-be12-219a130c1484,a1712ac5-c06a-481e-b9d0-7ac4fe06b14c,2026-06-02T17:48:54Z,2026-06-02T19:14:54Z,signed,3285023,Backend Engineer,2026-06-09T17:48:54Z
