sign_id,offer_id,provider,signed_at,verification_status,signer_ip_hash,document_hash
45a7a4e9-14e7-47eb-ae1a-5ecbf58ad78b,9769e1af-6fe6-4187-bf54-0e0fe51c13f1,docusign,2026-04-21T20:20:31Z,verified,6df1bf6dba17713d,ea4cfa86cba0f3c7d41fad09a9edcbb725284599f914facb9202a1876fb65080
adac857d-5daf-4d59-a8af-735f30db28fd,dd72f27e-3af5-4159-ad65-f425b6a6df99,leegality,2026-05-22T21:22:43Z,verified,45413faf8d997965,3c170e86787d34a147e4cf65a7b6d7592ca58a17d91cf75078cc67c1e2de085d
f33e446d-d6d1-4646-8ad1-8746d9459d89,0cba1b13-b475-4011-b1d6-4340634ab347,docusign,2026-06-08T08:50:17Z,verified,af7adf41b9c9e335,8fc5e3ce216e207ea5839fee8e1f25f3c2e0f41152336f6421533f74a1b2d95b
d621e191-9139-4eed-a37e-88cfcf4ce157,abef7954-dace-4f86-929c-6e74553ee844,leegality,2026-06-07T01:32:38Z,verified,91d9692d442f74a5,08f15c8e467781e6da3edf8fad2b3ccd155613d3989a9ab4a85c95dd8955a22e
9d480025-714e-4957-8104-1946ee85fab3,006f08fc-0c9b-4a62-b485-ca976d311b47,docusign,2026-06-28T02:49:10Z,verified,c9f506bc6691f834,01ba7e8aeed1393c41e486f04851fe792a8eb866e499c16369cf2bdcdaf58739
ef76b0c7-2beb-413f-aac7-b8e4da1541ac,78e581a6-c7a7-4d77-b9cb-87fffd3ca07f,docusign,2026-05-14T05:05:46Z,verified,2bcc12edef6f7adc,7508f659bf38f3bd6b4b29f55ecd0a3b1f145ba3080d184ca0e1ac6b0a330626
73239902-6016-482d-82d7-332cbb339c52,c6090896-67aa-4ecb-a664-840e158e3f57,docusign,2026-06-28T06:04:53Z,verified,5de4960cbd879461,d1b0da7d618ec43ea7eac69d585018a9778d0e9db6f465196a70d98500cde38a
797a9dde-5fd2-4738-aebe-362357323aa2,e16ad1fc-2949-4832-8a44-47ce16c6c53b,docusign,2026-06-23T03:55:12Z,verified,19fc3197ee42934c,a38e14c9d777b4761698fd5b20b7e6d6cb1112dce95e374c8cc137ad24ec359c
90a8282a-7a83-4a82-b6ad-32eb4e2fa5ad,b299305b-0312-468d-ae46-67de3803ea7c,docusign,2026-05-16T21:54:55Z,verified,62bf48305ddd0b99,615479d564a96d07f628ab6dcef935b419b85370591dd74b0669c32ef2ece03f
74d3c057-202a-4afd-a0d7-c8d296299e99,a3835354-fe89-4f12-8f8e-6cae37cd2f02,digio,2026-04-07T07:37:00Z,verified,049814352c0d40b4,9b696657e18a0c13793bcfce6baa767a723aa60256eb19b50aac60f70267dfe0
f0c7689f-1a1d-43ff-8753-1c32823a6fd8,44860eda-11bf-4358-bd60-d589b069e091,leegality,2026-05-15T11:40:45Z,verified,b14f539c0f9397e3,b91fd868391d97c6c23267836810e6077015ff4cc56d8f886f912b21b0038625
e61ad00b-701c-496f-ba22-42dc3f737e33,a966f06e-9dad-4a9d-894c-7807922db518,digio,2026-06-26T06:07:57Z,failed,4780fd685444918e,6303b30f797c0e9163196346a6d0661c30dc9e455cab78a271c42564cdcdbe1b
4e4ad042-fba8-42f0-bef9-d2f78e588481,e2331b22-39b1-4900-b722-0e8fc7f8e73e,leegality,2026-05-15T00:23:10Z,verified,4be19d6eda95c51d,5df075ff63c51c1e1e31a3888be0404b8de1c914366188991d809fd729113799
c8d4027f-e938-4b5b-bd78-9a8f8e363c03,6f9e2ea3-f68b-4fff-9152-dd972c13b088,docusign,2026-06-25T05:25:30Z,verified,43cebc3a070753e9,927ccb6f0cead0d73a0a4b24e4a120bcb6bbfa9389b00d6d8b1ff6bbe47bb04e
0a7d638e-66db-4e5e-9313-77b9cc55f67c,41f2a32a-95c7-4cae-8ed2-01f103991c3d,docusign,2026-04-06T07:14:51Z,verified,c7f06436a06ba9f4,2e46af3d91dd5d8a058e411826114a3610fea065d1f65ed401dba44410f6a293
61f0f3be-aadd-4822-89e4-ac96b09efcb9,64fcc0e8-2271-4fea-b94b-91199290297f,digio,2026-04-05T12:55:49Z,verified,df8e7a6bbc6f6e72,e40a58359df39f077f2fd6d41867d989c280744377663f7119cac7b29be9df19
ef039917-4639-43f5-b1e9-79cb38e57f58,8a4bdcf2-5a6f-41ec-9402-8f524abe5243,digio,2026-04-17T18:04:04Z,verified,ea31622b89efa532,f9fca811c6f43f4588b3f64633e12dacf307e1bd53bad64829234092a512182a
310c1e64-1a8e-4b61-ac23-bd8f744b50d2,510d555e-6734-4678-b151-5823d5e78790,digio,2026-05-22T21:45:26Z,verified,c3c78b7317890d59,16738e886bf5e09d38c0d2392a285e9477f2ba2b3ede8347f209a53c4722ef4b
3bdc9c73-94b4-49c6-aeaf-b5947697fb2c,992e61ed-1722-48fc-8436-75fa15541c47,docusign,2026-05-31T16:05:56Z,verified,f5989493f607bc5c,48df58b5782aee3cc3c0394b7dfcf2740a47f83aa012fa1284b6a0911252c0f1
698085f7-61f6-4dad-b964-170dc318b0e1,b4ae4596-2148-4bd8-bc73-fb37f85c359b,docusign,2026-05-14T20:26:15Z,failed,697f8136afca682d,acf78a139d45f1e677e56959859a61f99102e04c22a274fb68601ac3ea442bbb
82d18c8e-e153-4b27-944a-757a5cdf7631,661bee25-26d5-4e28-adad-5b121d08a088,digio,2026-05-19T15:39:12Z,verified,66d902eb560a1fb2,55166811246e6a9b72d7ef544226ab8120f1aa7cbd0c6acf5c61cb823a2560db
1b970616-908d-43f1-ae80-b7580a0e5526,e961b08b-05de-48fb-a04c-74cc2c0a256c,digio,2026-04-26T02:10:11Z,verified,480b58b2c97b7e2a,5d10eea48c783820fbce54c434e4d14f73804038032b55c6b269ec0609b33460
509f9bee-ff42-4e95-a1e0-fa75e4481114,0da7ac26-d760-44a1-810c-c007ce48eedc,leegality,2026-05-08T20:42:25Z,verified,7a80db21746c723b,362f027f7f14337eafb3026df5299ac2a05edc83eefeb11676eaec435fabb935
316ce73e-478e-4601-8400-30c13977db5d,e76a0de1-1663-4230-ae8a-8b42d0ee81c4,digio,2026-05-22T16:02:51Z,verified,af2f094a88d26041,3a5d8cfe919c3a7375846da34570bea477910fa2e12dee7706e8d5654aae82e6
cdc99ef5-6707-4af4-8363-07dcade0a037,b69fb12b-d00a-4a69-a764-da58277ee264,leegality,2026-04-03T09:17:56Z,verified,25c55c2c66bf2fe9,acad471422920aca320afabf3c1baf7437ef3556e975f012bf4cd6c5414f69df
577a7b75-7685-4247-937f-4e3d6ab32685,90f8a44b-e7e8-4157-b6c3-4213c7efc730,leegality,2026-05-03T02:28:13Z,verified,aa565bfef9c5269a,7ae887c0b318ffaf3c57492a6fbc5158e2d04f4738f0e71eba2f9edcfc935a07
44ed6791-e98f-4847-83b6-16406882d968,044f3764-eddb-4705-b3fd-e47d0eb460af,digio,2026-05-28T08:40:37Z,verified,b222fb506cb70e2a,c57e77ed72f5282ad55dbc2577ec01f3d0090b393997734fa6d4e6761bae6d2d
98dbd694-1f39-4205-84d5-46bf8d07ef63,88784770-f8df-4177-bb58-329165416669,leegality,2026-04-25T15:04:11Z,verified,1189c24a684b4c10,ae9491eb5c6dbd433c8380d3e85344b1f62dd58dcf3d3396124b0fefc8d12beb
1e90c596-3419-4d4e-9cf5-f4cc68ca8940,a82c022a-5dd4-4f1a-8877-a0eaff89a99c,leegality,2026-05-29T01:18:59Z,verified,68d233edc951d567,4ca6330b3eeb215b43fc2fdf3f9a5d4e1b8934a6db5b9e8bcf3108ea6165068a
f86d16e6-264d-419c-b333-d3777ccf8c63,3d3c2f42-0b97-41cb-8c93-13ddee05e494,digio,2026-05-06T02:58:32Z,verified,d3d48ca75da39187,041937ff5c7c66cd88e29a2b23e2dcb0868433d3dd32c930802054b9bdcecf4d
25581245-e5a8-4f11-806c-f84e6d6e8839,88075bb9-f572-4b09-b99d-2bd087a27fd4,digio,2026-04-14T06:40:04Z,verified,60f7c51c29d1e1ae,8aa81eda5852df6b959d288b82bf39ce8c2e0c72113e48d28733eb1227d61b17
6115b7d0-8bce-4211-8e4a-187e91c2ba35,86372bdd-2495-456d-a6e6-7ccd2ea9575a,docusign,2026-05-17T15:07:11Z,failed,599f7c731dd7341b,fcb790469906c51c0cd4f1e07ea4b0057438997a57a2bb808d06904f54fb07f3
bb21547c-f969-4b25-9c6a-0e163697bfa0,51144ea8-17bb-4109-a67f-ad3a85a03f85,leegality,2026-05-04T03:13:03Z,verified,1660c9e589a74557,a328e8bebe79315b304eea368a236485ca74e10b02bed8c1b37bc004e401677e
19b4c9e9-7b59-4d9b-92b5-818389f99ea0,ea7808a6-a294-4290-ac55-46c28ed90c80,digio,2026-05-17T13:40:22Z,verified,4414b612098bb6c5,e91b8875f65372bd82575c06ad1a67abfdbd8db7ae891ffd2d065338d0a11bbb
2783fae6-8630-4cf0-bf4e-f927ae7acd61,91a43565-2384-45d3-b422-781fa8bf61fd,docusign,2026-06-18T03:14:51Z,verified,dd6ddb5167d39779,4cb91b7e78cf30a99f9c12835e5034db777ca7709a4b4da044fbeb954d291be1
f2c4b4fe-6587-4dbf-bcbe-47208d049325,a845e611-c0a9-4a97-b4e4-a750b8daeab2,leegality,2026-06-18T22:30:41Z,verified,f4a96bf91d118b90,0895afbe252fb7d65eff90290eb28e3e1e88549b764a011b67bf99f424b6866f
82eca7c0-1201-476d-be3b-0f1c29c15d3e,37be595b-72c0-41ad-9edf-b4e2393d6ad3,docusign,2026-04-11T13:54:36Z,verified,301c3ac85d3e7a1b,011a94eb62d9550f37171c3f50f21af0bbfd69d8fcbf972d09610fe0bd670edb
2815bff5-7e00-459f-b0ef-ee19331830e5,f4105865-8b0a-4c81-88dd-ab722afe7a4a,docusign,2026-05-05T17:56:15Z,verified,88ec15c9fe7098a3,30aba074f603dc070789328be296d33c1fa754bc83056b60f461aedaf5bf2f4a
e1fceb9c-b42b-4899-acfd-e4c6fbf4f8ef,96d45286-8671-4219-8f20-d809e5fa9ed3,leegality,2026-05-16T04:46:40Z,verified,cc6bf82ade20d303,d2835fcd178ad0bda0cce24bfdf390224b74f65160334b6e31daa05de92887d0
51adbae8-02fc-41f1-9d16-dc84fce269dd,ada2c6dc-8fcb-47fc-aa59-18778c4bf5b3,docusign,2026-04-24T05:32:00Z,verified,4ca18eee827f87b6,bb90b2e09e831d94be155aef0a636288b227ffd7d4a7e24fb783d45ec7fc7222
62ad69dd-5c66-4f0f-916b-a4685650fab4,83296f40-f51d-446d-b5e8-24cb64a024a1,digio,2026-05-19T08:00:42Z,verified,c6ce63dd28db73c4,0bebdacec29200a803b66af50c247cef1b425ef0941fda36b3d4269a070fbafa
339557cc-c6a5-42aa-a33c-8aabce8bca14,025b264e-64dc-4377-b90b-b92632895399,leegality,2026-05-19T07:58:28Z,verified,3fa8e6a3d07d1341,2b796ee520e2b581a8e157cd409c95da206630497c99fd44383d4dd6497d9205
025ca276-001b-4749-8c9d-6b5d82a12b19,3f4d57d1-e8a4-474e-bd75-1e4b56a01b82,leegality,2026-06-12T21:15:29Z,verified,035e51c1ec1aa63e,ac21096332ab0a5fb7c3fbf8701cc16faf965f16d300a3b9900d236775c7004c
4594d60a-b5d5-49a9-a0e9-52e2f61ad8fd,ade950db-7b0d-469a-8ad5-358e2cbf28fe,digio,2026-05-25T21:57:15Z,failed,776917e84dfb8dcc,3ee774eba7ec97d5e5718849926d6f9d0403bf4b94735523053c51c2db3708c9
b0161132-8eef-4581-8a92-7364e1437f7f,c288c6be-81ca-409c-af46-ce6e109a57fd,docusign,2026-06-05T05:06:24Z,verified,c9dbdcd50e6e5f05,5def61ead956c7af0dc9681aad7a2a9fb30fa04a803297e350903847c19e7f04
91833a40-e775-4485-9c78-a26acff1ecd5,569b7aaf-d1a2-41c9-989f-198eb71de0bd,digio,2026-04-28T20:28:14Z,verified,252a6c16b2ad58e9,2eee8a66a65a2e30dc83f2bb8d82b4b9a85c75cbaa91349b835cd7404ff47410
055c9fb8-acd9-42b3-a643-241c2d1fa161,764f00a3-09a6-4b78-a461-6d33c8d9c4a4,leegality,2026-04-05T17:45:42Z,verified,fa1ff0ef7611d655,253a1f5e4381ea2c0e3f4acb3fd1ca371575bdaa1f51ddd7203ba03e2dab73b5
c4954d8e-7f16-4af8-8b61-a0236caab66c,3fefaa99-28cd-4f79-af16-1fcc1fba3c54,digio,2026-05-12T09:09:39Z,verified,3fc7e8a02f65b1e3,0a8d79f69f5efa7a60d6fa07b4c32ce785a6719e741939323f27b500b80e24dc
ba8b5c41-5052-41ef-b719-7d21a7ed8e4d,918c68da-1fc7-42e3-86f8-7330319cb863,leegality,2026-04-29T05:23:59Z,verified,a523ef0c439e7654,80d957f324693984ba23ad21b69f5a5fd25fd7b06ce2f74882393103d6b2183d
0edfbd62-8cfb-4579-8406-a4e5afb28f48,d224c649-e04b-405f-a759-fe3330635d44,leegality,2026-06-06T08:21:43Z,verified,a4658919f6a21175,e0cae50d3aa5f2a1c9fbdcb648dd179d359ce1789f39782a4ced782d4ae56ecf
575f0959-78cc-48cc-bf97-8c4357a17ec0,4746e3a0-2194-4da8-b556-56ee0c808901,leegality,2026-05-05T09:24:59Z,verified,cb629c7d21d9bd90,d37102d6d081951c90ee29ebe55793a60f5596396c72d13c434de706a7528b26
fa6e71f6-37ef-4cc4-bac4-c672e5aa2e03,57373252-fa03-4caa-b11f-77e6eeaa961b,digio,2026-06-20T20:16:57Z,verified,aaa02d07fe4bb607,878ce88932cb80e403d2d221167d4aab0af52378812bb85f21033431621e0220
dcb5c320-c222-4161-b6da-5c39145bc92a,14ca23a3-86d6-4e9a-a073-4913163eafff,docusign,2026-06-04T22:09:33Z,verified,c51b84b8cc5c1e50,bb88302970da7ec5b5778d038bcb593e6836f9b17ce84dd389b7c5fb526443a7
f69377a6-fd21-4430-a2ba-eb7672031dd7,6ea19645-ec1c-42ee-b7f4-e40af71cc2cd,digio,2026-06-10T09:29:07Z,verified,8692989a52937f2c,ee4be636515dfff9335639bca00349de3feeee6fb42aaa7be551e8f021fda380
a3ea0377-9968-4216-ae36-d2cb2f242b09,6d31fec8-7c77-470b-bd6e-d352a6ca0426,leegality,2026-05-19T03:37:49Z,verified,b7a15310680c5da3,71c272ad81a463ca0c91d09a8d17b4a056b026eb9ed2b019bab0563e2bc0a8b5
b0a28305-174f-4c9a-b78a-3dfb63487db8,b45b1e5e-f6f3-44a4-9839-f2abdf679df3,docusign,2026-05-28T14:59:48Z,verified,43f32e2a25d05a5c,09045c9c5c8d6f321020ca59d071f3360293a89cfb0a47d49942116f4ddc3f8c
afb12af7-a46e-4854-897a-156bca464eb3,cc08895a-aec3-4001-b1cc-b872f762a3ac,digio,2026-05-09T01:37:22Z,verified,dd00a8b1c1cd1346,ef93209e4e817d99c1f6704fb6e73e7d70a28ab648f2347f330a5f3380e9af07
ce6fefef-865f-4a7b-95c0-efbaa6265808,13e44154-69bd-4b3f-a220-733e3ef209b5,docusign,2026-05-24T22:18:50Z,verified,8771449a60c64699,90064fd28f7e9030b6001a7e3c6e9ea4ae93961f2b6f277f989b502fa89a4237
9af2400f-99af-4d24-8763-bd4fe87f1f47,b0a85a7b-34f2-433a-9547-bb29f76e26cb,leegality,2026-06-28T11:29:42Z,verified,59ba8237212f2eb6,4b4878f48e3b24f5120f9732d045ae0a6065d088cc5c9cdb1767d4333bcd60d8
a3018a16-14f9-4cac-ab77-f0b789f01fb1,085abfb9-5a5f-4ea2-a39a-e1d6c175fd7d,leegality,2026-05-04T01:42:17Z,failed,53ab98ee8f1efddc,48f811670acb49cb80f6afdbce54c2903582f81feb5b7ce4746ee41ef9d48e4f
69c3a779-79ad-4557-8b77-35d61c5342d1,9a117e56-44f0-43f6-8003-462a1a3d9580,docusign,2026-05-27T21:56:49Z,verified,e6cfedef7104106d,09fcfcbfbdc599aeab626d40f11f6a63ba57201cfc4886b54d84984a0b084191
80e372fe-733e-4e03-abce-336834fc2cc0,e3dddbc7-0db5-48ba-bda8-074579e698c6,leegality,2026-06-14T16:39:06Z,failed,47409f0b8e52d778,dc0bab0de2fd855670605fccb3b731e9203a061380cbe1cc39465fb110fcc83f
a9ad932f-89cd-48a9-a1df-b0996d899b83,4038d59d-e8af-4051-a069-9923c8a616a1,leegality,2026-05-11T08:04:53Z,verified,33afc2f69c81e41e,8c71721efec1594c3842d93dfe34772454119dd7f30cf21779a7f1662803fe9a
676211a6-4a36-4aab-9a2f-a83200b34917,78fa9368-922e-4d69-a929-3326874baf4c,leegality,2026-04-21T17:05:16Z,verified,1b3a5185050ff878,78cb9325afd464f975def7a2a3c61c58332a40583a62bbb9b199ea6e726a08c3
d2e2a41e-501f-49d3-966a-6f68b42b7016,2a4b4512-a78a-4c4a-af3d-85a188b2f10d,digio,2026-05-25T05:42:22Z,verified,499ef467c03d4d47,e884e3c8697d3077cde0a9bbd95fbd18d6430e3adcbd12a73ddf333e23cb1f09
9815163f-9689-45d2-9b57-be13cf176704,2b6927fd-24ad-42ce-b81a-b36cd4b797c0,digio,2026-06-18T18:10:08Z,verified,cda096335c03b07d,807de44cdde8c2856be122f6be76568cbc00df2436d7603ce7521cb7ecba04c5
8b0fccee-d65d-495b-8db5-aa3184218302,fa57310f-47b9-4143-868c-382c934b1969,docusign,2026-06-12T08:26:37Z,verified,6effb2e685dd0123,e837339ce386f65bc0700cef2e55bb593cb18302c5cba36616222c07bf37186d
297d01ea-86bc-4927-9f8a-0c03dd56a5a0,7b3a56fa-44d3-4b35-b2cf-ce1ddad62a1b,docusign,2026-05-13T15:41:26Z,verified,51f71124fd767479,12d988c8e67a25eb3e081caeeee50631d2bf9741d2542153571ad17a52250a3e
51144d24-efc6-4f90-9a89-d69b05a333c4,4550506a-7b7b-4215-b6d1-1e82e2167d8f,docusign,2026-05-03T19:05:13Z,verified,7e2eb345bb2c3336,61e175efe4ba9125c0510f1380a14871c641cc6ab64db8cda9d76faec14f4d55
b87337f7-f7a2-419c-a523-0d792cc7ba46,b358affe-c7cf-40b5-8ac2-98cbc132dfbe,docusign,2026-05-06T18:06:18Z,verified,37a752e7d82baef6,5a54ff41ab9b1540a98a952d46b46056fbace88f07b1a97fad303318526d658e
9fb32fb1-f737-4dbb-b430-3aebf05e0977,90c348cc-d596-46de-b091-fd0784dd8b86,docusign,2026-05-26T21:56:14Z,verified,6d8d4e151f2901a6,a5dabeff91186ad24efc87eb4a76bbd084202dd1ea54e96409b866da7093f79b
6687e8c6-bb23-43d0-a3f5-3ff6a3a64def,a0e5c855-8f4a-4831-8378-43addf3eb076,digio,2026-04-06T18:20:30Z,verified,d12bdfcd2850f278,cb6620f0844c5324259e4d1d6679bb53ee770e58ca2d9a78ad99616629b5dd8d
bf8ce13d-e3db-49ce-9243-b256ecbc3f2d,3e583186-fd3c-452a-baef-c9701bfca4a3,digio,2026-06-05T13:33:34Z,verified,1135337e0234f295,222c078465a723644a04cad6cf375181ae9a0af0c226841bb20bd33518f1a50b
e86adfad-c4c6-48de-ae8b-1df38e07a0a0,f525cce7-8af8-4c22-9bef-958d3a69d1ef,leegality,2026-05-25T10:57:59Z,verified,a03a5a4667e4c39f,6a03031507af8a927ac83996916cb353e66b36c98f4cd05057ebb1c4e566303e
90a4ea55-236d-4f50-ab5d-028c90e1fca1,0c614379-5033-47fa-9d14-6a4f2cb84fc4,digio,2026-04-03T11:09:01Z,verified,243be5baa64756c2,26a9f78ea0f8c361205336c1726973b19c14468d4458e6f5506a47a29effcf3c
9788fd59-59ba-427b-b1b1-1e28a34fa835,960ec41b-9ad0-48e8-aad4-60f98cfd28fe,leegality,2026-04-25T21:00:32Z,verified,096b47dfedba1069,ca326f8bf1dd83fee9a21e82b441e5d6c1332199d0b3fa04fafb1495bdeb0bdb
590e71c0-ecfd-4247-b67f-6b4583a81bd8,5a867a45-7b80-4752-b889-454d410deba6,digio,2026-04-09T16:24:37Z,failed,62ee293b2ee4ed39,21291b420ab136e4169e45831652f2702b2ac7c34c13b2ad91ca4b453759cccb
79826b82-fea7-43b7-b6eb-0992d6f01b71,87a2a51d-e96b-4605-914d-00a1faed6393,digio,2026-04-27T12:20:23Z,verified,c5fdff08fb7a78a0,0db529129a34b17af32284d61d88e42064902e8a3d2c59e015275ec91bdf24a7
7ebea348-136d-4f2c-989c-03d7974d2a07,f4093daf-b020-4894-b8ef-4bee32e020f9,docusign,2026-05-04T23:13:25Z,verified,497f9e085a986bfb,ffb925f8132f5030c266943d8bd5458995d62ed067a46c98a0dc25da974d78f4
3e50d8ce-638f-475b-bc59-6ae1a2b414f8,af64097c-e3d2-4014-a595-3b7f3abeba98,docusign,2026-06-08T02:26:25Z,verified,0c433d666c88697f,3ba07fbad088cca489e03ec2a653e6669ee929f57efe50ec47c125d57018bb7a
6780d6ca-fa45-4f66-bb2e-92aa9d2d252c,c640d630-3da3-4c58-8a36-9e1d071a8026,leegality,2026-06-20T13:08:29Z,verified,9ed1cce83ab5d662,ae181005a76ec543d6545630e29894a1d0b8abca1f9edf092476dde8a8852cdb
03c6c4a4-04f5-4295-a123-77449d14a785,d7c0cb2a-9598-421c-9b4d-3ccda9b78b3e,docusign,2026-05-04T12:56:10Z,verified,3e3859f82264ca2a,a6a5545d74aa5f664abeca42070451746e9640fd5b269713cdc24d34f56d5864
3f3ee6bc-2757-421f-b291-e2dc8beb0301,95d1f6a5-b7ae-49d9-b4bb-9de91d4ea5b5,leegality,2026-04-21T04:36:49Z,verified,b31813fb2405e4e3,8315ce431fa34b62515d653b148d093bca8b9aa0747dc02caf8a89a01e51d80b
ff958ce9-1989-4569-bab8-9e5ce5a86c5e,16efe788-5b00-46ab-8745-6f5c9b6db39f,leegality,2026-05-25T06:46:43Z,verified,3bf541a409d1c221,24cf29c10c0d77d34f8d3bc60ccc2e5a4a0a137a346436fcef2958272e86c3de
23f42a6f-e2ec-4c4a-b69f-a43c5ed3921d,74fced05-6aab-4f43-9684-bd0616f12dc5,digio,2026-05-13T14:01:13Z,verified,1f7011452b5f3258,d9cdcd226dbffadddb41b701d1268e6086e077b59e803472de715c6811418f62
b0d90a5f-d3c4-49f5-a390-4b730f237c42,1414492e-d1c4-4db4-bcad-a11c1b2b7c03,docusign,2026-04-02T20:12:13Z,verified,155c9880025bff18,29e44b3718d965a176dd18c2673d85153c89d7757c08fa285809f3956c89f2bd
f6ca7e09-0075-4469-b539-c0a8f7eea4bd,53228a8c-58bd-4d8c-a659-ec7a355525cf,digio,2026-05-05T21:26:25Z,verified,78e204c4bb825833,a6107807fd47e976768204aaa80d3ef944bb683c64b8494bbe52a4fe22d41022
47a5041d-8c5a-4055-9835-6238c40543af,7d5b958d-80c0-4c61-b2a3-44a41ae01909,docusign,2026-06-10T05:35:10Z,verified,97158e80cd9da9f9,5d66bc084dabf2e570b53b0bb97588223abad5244756396f5b335cd82ec411f0
b5923007-65b6-4ccc-8c48-7a37b579b28d,0c6e0eb8-3395-4cfc-b34e-14bad3375511,leegality,2026-04-23T22:46:35Z,verified,d0b8b8d6848a29c0,cfe9dcd8d37bf7098f3cb9847b5e412e0b6d3fe83247f3d0de1e1e61c7d402dd
97a2e51b-1995-45c7-b761-7911822a3a60,e3196372-9e1a-49f6-bf44-d3f2ea7fd1c1,digio,2026-05-25T10:00:35Z,verified,f02c29c2434133e6,38d9514bbbd7ad0529a5362fb76f1abff47a3cd56b0869d2be31306d92aed5c7
c7e1e898-a950-46bd-bb63-328b4464585d,ea5327c2-1a42-49c7-af7d-183de2670830,leegality,2026-05-11T10:57:00Z,verified,9146e4ccef5fb1de,b956787b29249dea50c917e7a2f31f02880fe1f9b9944c6bee54f838fa278ae8
7d78fbfe-2dea-4162-9191-d56f980a7be1,7c1a6cd9-25f0-4d77-9b31-d5f18c8dc466,leegality,2026-04-03T02:15:01Z,verified,3c88b824459a41b3,744ad86c13b9efb10fefad577a06848656e1339bf692644cc166a9199ab72a3c
0d751c6d-8ef7-4c04-846a-fe420d7ddeb6,cd263c94-0d7e-480a-9abe-5207598d0db0,digio,2026-06-06T04:01:37Z,verified,405c1331898b9de7,c6efab0455b54cd8a3adc7dd03f8a7e3db8c36da99208006ddfa0156d5f21a95
c383dbaf-af32-4c93-89bc-909e5041d704,52ba7923-ff33-40fe-ba51-2d95aeab2113,leegality,2026-04-14T17:57:17Z,verified,58428781b1207949,80055dbcac96072f3f54204b0d5fc7112b5bfcb4c59df64e27db6e72a5680fcb
7db597ce-d7c2-4607-bb95-0ccddefad199,b0881d02-89a3-484f-991f-a9c86b7feb3a,digio,2026-06-17T18:47:21Z,verified,c1b5ab149087a9f1,005e934b691b856ea598b783c794229d811ab6707308ed1b36da034e7b02c4e9
6ad2352a-3e36-46b9-b645-60fe26a25205,5d635bad-7baf-4cd5-bef8-036719b08ebb,leegality,2026-04-07T08:42:35Z,verified,852c8fce0a11d48e,729966a1fe00eb72c5ebfec8681681d56513dbc9dfb4f9ee9086cc4752dd39ee
0908cb07-6613-4ad3-b6e2-55ccfc61813f,f74ab476-cc0b-43dd-b0b1-5bd6d02fc957,digio,2026-04-10T23:00:29Z,verified,39a6d51fce0529ec,a8505b063c1ed22c89e3b8a29bc560f1d6a406d676df454410d48b47379fc254
ae3330ab-a324-4df2-ac6b-efbba86acda7,2f82266c-61da-46ef-9dea-3fc55d15b141,leegality,2026-06-18T17:28:30Z,verified,bf41cc960e8fba16,a6390d465b80155b18434a971bd270b95baa3640b605485e6e13c22c7320e017
735ebd03-538e-45b0-9d43-fc5bd18b91b5,ade10302-cf60-46eb-940a-f654998f824f,leegality,2026-04-28T15:35:22Z,failed,fdec030110dc668e,7f1a6f0afdf0ed1027c42f7475db8481f2ce2d828bc1759b280eec04089f0faf
74700d6d-7394-41a6-a5ce-19e150b60192,3d6fa54e-3a70-4f1b-9d5f-54e7183bca45,leegality,2026-04-08T08:59:49Z,verified,29eeed3932947428,53d16d649e365cd017ac3e9d7f3094866c4284637b7503952099fcd2bc6da498
ef3e070b-7aec-4688-b716-afb779486e8a,ec7dfa59-4c91-43fa-a283-c711df12658d,docusign,2026-04-22T14:44:58Z,verified,3b67d0c488f1e487,10efc3d072f5ed61d0b4a895b150f1c55e9ecd6708df8db1b162fa955deda772
f52be493-e19c-4837-8414-17b9bddb3304,540b2a02-6fe8-4e04-be25-dd4aab9d93e0,leegality,2026-06-01T07:56:11Z,verified,ccd3e1ea52e8fc65,4a5e5582144062cc52b3ef57fdbcc8abcfacb3f7f98d7ed09835bd1ce4128575
57f926fe-c0c2-4c94-a235-dc37ee501ad1,05e88b1b-3e5f-4fea-99c6-0e4f08a24ae5,leegality,2026-06-01T14:51:03Z,verified,79030dac6da2de68,4fe8eee847024e786da03b40c0cbdf505fd7ca7815c73dca9539abcf41c843bd
04ef5d00-a057-46d4-93b0-1fab0f432f7e,0221dd65-7885-4ce7-b93f-d162aeb16bc7,leegality,2026-04-18T03:35:01Z,verified,10e44b7c3e83a3f2,742b1838bdbdba59a41ec02d23cb8880b960c2045d1806a675e1cd6c8ce2a5e2
b8ae3e78-9460-4f06-a49a-4dc4f89d6e21,d4697563-a70d-43be-bc99-22f0e7a38b90,leegality,2026-05-22T22:28:40Z,verified,04ad6a4473c8c51f,e80c2dacffc73838b317c94bdf8193ae246f9fd06851a5ed13d10501fefb5b1c
d30e65fb-f500-43d2-82ad-da72fcf5446e,615d8a1c-7ce7-4170-825b-44121969ad6a,docusign,2026-05-12T04:43:49Z,verified,b044f6bb8688caed,35b32a850340d9b82cf27cac230de8a652943c1dd0bea0ed759c9dc38309a4b8
46c92077-44fd-4374-b91d-f58515e4df59,f1ffa44f-ec4d-44d8-b377-583828260108,digio,2026-05-07T13:54:44Z,verified,da595766cbbdbda1,9964c9e7749867aace8475382e7029a56fbb80a591526c1ae75b04eb49a471e2
f7eb4f2c-85fd-4e60-80f6-f87118cb3eb6,1c01275a-475e-435a-8634-f66275f9995f,docusign,2026-05-06T02:08:32Z,verified,9abeeb7951abd608,bdda9c7abe3641e5329bf704847a99df56be6b44175bf8fc98137c4daf504e45
47126577-5fec-46ef-becc-b348b9822072,22ef0de3-6cbb-45c8-b5d4-06e09e52f048,docusign,2026-05-23T08:00:03Z,verified,584a1dd8112d8da1,da0ed8bc14577035bc0bcbc26bdd6d1ab7b8008983ed9c34df81e86240626809
f5a62a00-5e02-4096-a20e-cd4ddeb0d4a3,e0127f30-8b3b-4291-97ac-c2bfe9a15f9f,leegality,2026-05-18T05:32:31Z,verified,0aab0592a6b4c171,738f3ddfd10a1e3c3645255457ca2bb109e7133894244c24230b95607198a884
6338c039-9b1f-4ba8-96bc-30369c869528,3f713ac8-79c7-458c-a0d9-a23cbc45c66f,leegality,2026-05-14T00:57:32Z,verified,83a35d3152d559d9,6ecc4f695abe6106930bd2f0cf93d700b4dc634a2680656a9fa449d60da5b079
7ad6b3f4-1a3b-4c1a-9873-fb5b484f47ec,82135dac-3779-4c67-a32e-170c4c3c2137,docusign,2026-06-27T10:11:54Z,verified,f09b0e5428ac2e6d,72da7679aefd1590c3eed877df1a0a665c88b29b921609e6af318985ba9337ba
23a6b0de-5470-4147-ba17-5cb04af9b8e2,71db18c7-b5e8-4b83-9cc0-823efde8d4b8,docusign,2026-05-14T20:01:16Z,verified,03eddbb108497cc1,39c5b4eb148c1f172c52923db8cbddda2bfeba52811660da8438437d81991691
522c865c-9375-45fd-8b49-176723dc5704,40faa712-1ab2-41f4-a7c7-405a38c21bf9,digio,2026-05-27T21:51:42Z,failed,f34aa9c0bad80ae5,53a7356aa8a53cfc0c20e269210b2ae204e56f65259c25b33fd5265a55299b24
0eb4865e-b8e5-49ea-b311-6b3ca956bcd3,b24e1f3c-6f65-4a13-8735-1c70858e39d3,digio,2026-04-08T17:01:55Z,verified,1b29c41f392ab044,3b4ea48099ab43c41ea7cc40a28894571c22dbce667c5347f021709189888c13
7de27b6e-b162-4ccb-a024-1f7143b203b0,dca0d128-d788-473a-8332-0a326ccc1a88,docusign,2026-04-08T16:23:37Z,verified,6ce5abd720b9ffcb,576450f59ea1c3269414bd88554b324c412a6b858553c2ebadbf1fe0034aea5e
9a28f419-a9fc-499a-ba7a-c37f5514da22,c4269ba8-58e9-4837-ae6a-dce7cfc315df,digio,2026-06-07T00:33:49Z,verified,fa033bb7aa559fef,d566283714c8f27f33f43cf31245774a02ddc94bcc8c5d33dad28665fb356279
aa3ae19d-304a-46b7-b0e6-1b59b3d1e2cd,2a1da026-c988-4354-8b1c-0e164926bfc4,docusign,2026-04-28T18:37:43Z,verified,8110ca75e08beb60,91e4f56380dea73e4659c3bf035208f887f03ffe8f63cfb40a61d6f932037d46
257feee2-3293-422a-8e65-a929dcaaced3,c2d89b92-cd2c-4dd5-b774-7c4f29129cf5,docusign,2026-05-09T18:55:06Z,verified,7620a197ee7bafe4,531982af94950b9d0396394ce95528232f4aedf06444c94b5849d51997913507
1940e08c-cbeb-4b4b-bcb2-50a7ae0a9832,69e9ab9d-460f-4f64-a151-462daf3531cb,docusign,2026-06-06T09:55:46Z,verified,399db02bc1816555,2a45d084454ecd8cea60536e385ba32684f798af56afbf169e73b7d18d00766b
4b52eba0-898a-465e-9618-920947357a36,3fc0aa04-723d-47fd-82b1-b9520f5e86f8,digio,2026-04-19T23:37:46Z,verified,c845379f4140a96a,20775d24ca61ea44aa8cde8a4e7290ad77fb63c5bf9a5c89dc865a16b7c4f428
a435a6d3-bd6c-44d0-930f-3d3d630459dc,e202324b-8a2f-4ebc-9c5f-205a92a3f084,digio,2026-04-28T00:49:42Z,verified,d3f5b8291f2e9699,034422fdd61476e80f98e8886ad2d33c433493ae98cdbe901ec65c39cdc1f887
b6e1aef7-a0b4-4c82-8b36-ef6bc13469cb,603b1716-cce8-45dc-b403-ea262e47c1cc,leegality,2026-05-01T07:51:28Z,verified,a9ce8126f958795b,86ad056abf8c435c25bad45b8b8c176bdc3586414a5998136d67fe7c4bc2a132
6e5ea3a4-caeb-4889-ab88-b98ba998953c,43327655-e04f-4e33-aed6-376b831243a0,docusign,2026-05-10T14:00:17Z,verified,3779041257e419cf,e664b7bfcc96193d729765a26795a5fe7924cb50fb331ac27263c381dfc08795
ec2f013f-7d9c-4d80-9481-42f2f454ec9b,f23a96f1-e308-4878-a0b7-56dc2eb839ef,docusign,2026-06-19T10:28:00Z,verified,3f4bd3b87c199312,1f29382ced3013732ac28f7318f0c2084910fcd6cb8436ba544c1fd295d7ab76
9b10ea62-a5d3-4c33-b0b4-e0505714915d,acb7c775-9bda-4173-9b23-156cde929bd4,digio,2026-05-18T21:26:41Z,failed,2c75ba6d40dd54a8,dff3e1099f4ea1feb8ad01f81a521ccf0f52b0eb61f5c62fb654275da04b0688
ac77386e-da54-4fe3-b2bf-0b64e74ac993,6a6dd2ae-d968-4ebb-940c-e049f14d54a2,docusign,2026-05-13T04:35:14Z,verified,66f673a66a61ae22,ba812a2ef431eb9815099bb24252a810c310b19b55e2222a5fd248c9da80b3a9
24e665cc-22da-48a9-9402-5d2f250d9316,35c1eb94-d4df-4381-b5bc-f29737d3ccfe,leegality,2026-04-12T02:55:49Z,verified,9665852937a83750,47199e621e70cad01dcedcecc30e63f80cf559b4327427115bb4a4a6bb8e4002
e054af72-4b4d-4203-b538-74f8f8ebceb3,f2f6a8a4-32f9-4087-95c7-a52b80f7de7e,digio,2026-06-25T09:11:53Z,verified,e6ba2ef10b3060c2,19fd72c486ea7032cc31101fd4ad98c22890633b074c566bc9f630ad3e5ad231
bb0eb135-8b2f-4da8-b080-d517a4d25463,6008be37-07cc-4bf3-9aee-81701304013a,docusign,2026-04-14T17:09:38Z,verified,635823208d7fa5bc,862013e63c75db686efdb29ec129be8a1cdddc6da5f1d30ab38a1dfffbb44cde
95da0510-3432-46e6-9ace-080535a8e141,382aec49-fd75-468a-97f2-e052fbbbd3ab,docusign,2026-06-12T00:44:10Z,failed,2c357dd91dd7a6e1,f8b1472fb05bd361d35e4e5e859248e9c2128b61dcb4f772b7bfebb4f65af5c5
2a2a26e5-6d32-4109-9e20-f849c6443a28,70acafa6-460b-4d23-80df-1a8334909ee9,digio,2026-05-08T00:01:15Z,verified,e6623b5c09ab03d3,c09c9e6e998f68a69ff08a2be52451a81263abcf75127e13878b233d24947cf7
d817ca99-23a6-4754-bdbf-a667da73d423,b5d150b2-f57f-4a11-b08e-944d2fac4e04,leegality,2026-05-26T00:39:37Z,verified,ca711c1cfd490151,a97a8ed84b8fda1b343e8f46003f5c02d09d1d96faa49371fd97717796ed4213
2365ac44-813d-4337-960e-4e4108e7a9ae,e9bd97a8-1f42-4835-96fd-624bd0ce1eee,docusign,2026-06-08T21:30:59Z,failed,19143bf0dc4c0c57,e0f27f7b4772b354eea0db94ca8fb7c09da214939f81687fdf4ec09707b41a32
b19fbf41-47e7-4ba8-a47d-5b5dc1bbab10,ae9d81cf-e7ba-49cd-9505-6c8d5da156a4,docusign,2026-05-29T06:45:34Z,verified,eaf214b97902b380,01f886254de7470abc677c9f88c70465e23b4e37239b106711972e052a431d4a
dd109452-c68d-4d52-bcd6-6f4d151138ca,7d946183-ca2c-47bc-a4e0-3cce40d7c032,docusign,2026-06-02T13:35:48Z,verified,9abf1a12dceb8be7,d6e7694f2e5cc5beb7a093fcfa5a457b0abea04b39d700cf4bd6a22fe331fbd6
68312f1d-4086-438b-83a6-b3df3f741a82,b7408e47-b6a2-41be-9065-40ccc195300d,leegality,2026-04-20T02:24:30Z,verified,74ec56fc3829b5e4,5a4b7f72c7f4622465af9c52312781a50a7b14b5aebdef36e275814859996022
8653896a-bf5f-4818-8233-6499c7a6985c,25d9ca7f-eaa0-41c2-8b74-d707cabfc817,docusign,2026-05-13T16:11:46Z,verified,09e14ce1958aaf34,871cfe9f15fd993177075fad9c4c7ff14d231244e2a5356195a8e2392d774058
9970b925-cd6f-4d4b-9ca4-ffbd4af3660e,94076468-a759-43cd-915b-0bd4c968976b,docusign,2026-04-24T05:50:38Z,failed,1c87d1fbf2e49f4d,7ff8dab06d476be55212076f55f129a604e497029f21b8933de49235ec3cca79
c0140f91-4260-494a-97a9-98ae283becfb,1edafe42-e16a-42d3-a929-189f5291479a,digio,2026-05-20T16:28:29Z,verified,fbb3599df3379f0a,8655e36103b1fdb2ad96e6012a18c18807793ab87b3f759ce563a738ba36bcfe
29261252-77dd-49d9-b969-9d391dc1e342,ba25756e-cdd7-438d-bdf9-c1437d827eb8,leegality,2026-04-25T04:46:21Z,verified,fa652367836bfcc3,1c1708f3d80c7734342f3d24430fad8e9152085c463d99166c0904f8779feef8
41db6f46-e27b-4526-8b49-8969b1ecfc1a,6f0ff183-406a-4190-8636-72213ed9a1b8,leegality,2026-06-25T22:03:44Z,verified,4e756c39944708c2,85e1d2dc3419ed872fe693e8d0b688b0a44d0f1d61f61d2586f215b2f454c812
7cdcd4bf-b660-4dc2-9959-c2de18e40abf,dbad2e0d-99dd-4b55-bb32-2adf8227d5d1,docusign,2026-05-07T04:03:37Z,verified,783c35bd23fa3701,a88497884942b57d91d91d3acb5a0c22043ba9ad61fe17d075ebebe475fb2120
24743401-7a74-4580-950e-f3398e3594e3,9b8069e8-6200-469b-bdf3-f97af9e6ac12,digio,2026-05-29T12:15:01Z,verified,b111e003da64f261,875a820468bc8dd38cf23efd669a683c5cddf1d44fd10e6821269b63e7d7f3ce
ba94f8a7-bdd6-40aa-b194-f97e43c707d3,dda73a9c-3c2b-4d91-a0ec-7e4c686ddd1c,digio,2026-05-26T21:22:13Z,verified,ef498bc7fa7c75ae,a886415f7af092543dff5585114b4e37adaa43a3c2768e163add515da24a00af
e0c9c2b5-e8ed-4d21-9d0a-1dc9d3c557b5,6345e40c-ce0b-4846-86c2-677c9d59a237,docusign,2026-06-13T03:39:05Z,verified,f901bae046900f35,965fe5c11fb8855e8011a95f16963a378f171a33c6762833e56270682f7d0412
c498003a-1d32-400c-ac41-53d224ffca62,c072e62f-e7ba-4cda-8993-21e4fe8a847d,docusign,2026-04-29T15:06:59Z,verified,353d3a1e1705e357,5d7366e220ffbdd9594a5fafb69cae4293aa8dd54326ab626972715c0ee2f391
648e3542-7228-4303-bdeb-e60de40b6302,1f9cc02c-c73b-49ab-9296-d8c8b13583fa,digio,2026-04-20T03:46:10Z,verified,3e993cf5972985da,e0c6358691b8b375d9bbcac0cddc927030fed468b7f11d22115db45688a4fa21
938f57af-daf7-4f6f-aaac-e49dec8582af,20b8d68e-199c-4559-b049-d01b543181d2,leegality,2026-04-21T23:16:16Z,verified,ee44eb8f73878cdb,9ca56f04a34e81b0141777845b2daccd563317bef59a194fd8a033065dd662ca
158ade27-3197-4849-9f1e-6747a00a1b79,2ae28390-9a5a-45fd-874c-6215eefd6561,digio,2026-05-14T22:21:27Z,verified,fc4a9e3b8f48ef29,e4e02616fd2e4ddf4dcaaa8cedec8d9cbe83b1bc2c582a1421ede26f6ba6c4cc
523e2482-cb2a-46c6-aa39-09ffd9aca801,8d620ffb-6a2a-465d-887d-5a1263308b02,leegality,2026-04-28T11:36:43Z,verified,e7c7b5ae4f22c388,cf2225733818852fd7163394a69333c2486791ef8b2a73b3b281448b53c038c6
1c2c5aec-e467-4284-8529-0abe1dbf348b,df80d2f2-adff-492f-b55b-89c382c9a055,docusign,2026-04-23T01:14:36Z,verified,2a7eb58259b6944b,08459a5a4d1ac1d008aef6e1e4db9992ea99119f76479e13398599f30823db50
405a65db-ce19-4300-8788-a157180280e1,29544720-69fd-44f1-bdb8-fc760dfaa6d6,docusign,2026-05-25T01:38:50Z,verified,f653918061d90af9,99637ba94ed85a8153d88ca3dd68cfcd0f651402c1189e3d125fba9d1889ace7
c4ea6dba-d80f-4bf0-8424-cdfb5a704aa8,480712eb-a4ea-40e8-a819-c365af18cf24,digio,2026-05-07T12:30:05Z,verified,c7a3c823522bf8a7,29816fcc3d8d40d8e0637043c901e3425d775fc4b9675b3b84951e9650c81a82
1950064f-4b35-4839-ae28-419ec634b188,807ff336-ca10-4ab6-ae6b-257f97494c47,docusign,2026-05-08T18:18:25Z,verified,531df7f18d8418ab,cbe24eeb99aba49b6c2db8a09959a684c2e16f93292412ffdd593df4ede59280
2e10827c-4464-423b-89b5-988715724fd9,090f77ed-9909-47fe-bd16-0db593fd7aeb,digio,2026-04-29T19:18:38Z,verified,097cb965924b3089,cd9a887cdf02b3769d78dc4e6ee556b870f20519310598ca47cff09bcdc41479
65877415-4ad6-4a8f-b996-fb316ea8710f,9ff27914-eceb-45bf-9355-9816b2eb169d,leegality,2026-06-14T00:21:40Z,verified,62e9ebe91d115efd,92cc18a254b7f979e8b5db3cad2138e3cb7a5f23b653de1edfd6cbcfe059f2a0
0124bb44-b071-421c-a6a3-6012033fe160,bcd3178f-0b03-4d75-8f3a-b205ed61e024,leegality,2026-06-23T21:29:08Z,verified,f3a8bde962457d75,8adcb866ba83723aed2a3c0c2748052f3e076960a519302dc9d29101c7f8f44a
ed47d366-3155-4da7-a97d-ad91889a0768,0d444121-ee37-44a6-afdc-dfefd41ac167,docusign,2026-06-19T04:59:33Z,verified,8e10d859738a4409,b2927ae956f3905dea0e9e59db42572d5a66f347a0207433aeec51e2e4c09513
fec22661-094f-4c3d-bf2f-004ed11353ca,5d202a0e-702b-42de-8a80-d61f20c34c25,digio,2026-05-19T18:17:48Z,verified,eb5010c38865d360,1d2bc8a0477bff4b24c0809817a4df01e50c683cfa8697e64f5be1a46efd6b15
51eab07a-e501-4ee0-8d9d-b0ce8913f177,1bc7a856-d497-463d-bd8e-b79a89bcdf0c,leegality,2026-05-19T22:00:02Z,verified,9a34b6ed1a674aeb,cd6508435a1fc28f1a70f8cbd8c7a0907b7cf15a7de3484cdd48ac37e7e424bb
61ec106d-2ef2-4722-b245-95f306121949,68a2c604-2dd8-416a-9142-7b067c48fea8,leegality,2026-05-15T14:28:13Z,failed,3127995cb2980cd0,69f292c2b0ec6b6ef9f78b8ac6112cbe9101b8155ffd48037e915e672129d3c9
8be06d88-24c4-44c3-8971-4a1bdeeb3918,4e570866-7f97-4fe1-ba76-a635a6a44283,digio,2026-05-15T16:33:27Z,verified,7a7bfe91cb3a14a8,a2a26aee50191c81eb67e66bb302bf5cd31fc80798faf73913ce2251120858fb
f9ec2419-ab08-4b2d-a825-1fdde7b23bce,2529a951-5b14-4dd2-b951-b86125c00533,digio,2026-05-02T07:26:27Z,verified,9725fdfe773212d6,e6768434ac34ed3d9f80ca0bcb19c7ebd355efc3120fe8e20d1dd8406b55cbb1
a5579a86-fe35-45c1-868d-b16852f00d00,10037f00-bcfa-431b-826c-92acae8f393d,digio,2026-04-05T22:59:50Z,verified,ff5cb46fc36351a6,b443508b6ed71ae8bb06e56e3bb020f77a2f637ef301ada659e272048a1bda5a
a784e307-13e5-49d5-b1ae-eb44b5613a99,3117521c-e65f-4bee-8ce8-2cb1809292ab,digio,2026-05-04T19:31:16Z,verified,1e9dad37d8153c68,fe53da5d64becf7df83041cbc424adf150d6f830aa0a43d0d0b297e2bd342fe7
d84b6401-96ce-49de-b494-11a06093de13,bd704d3c-7a0d-44b2-a335-e73b39ce8356,leegality,2026-05-18T02:23:49Z,verified,8bc7fc135100bdcf,deb32bcca4f9beafce10feb9f01e6eaf3b6f549a693adf40655b42854c067990
b42dc383-fba1-443f-9381-ddfb5624af44,608d5131-30d4-4afd-9044-9f4a45edcfe7,docusign,2026-05-17T21:49:33Z,verified,350ebb72e9f69fe7,1435bd42133f6c4a0dfb81f8fac1d1032dac3cf5ecd9839593ea0b783ef51791
36c43f8d-b6b3-4756-99ad-8300c201def7,854a57b8-0b16-45c9-b804-9c17730b17a0,leegality,2026-05-17T19:11:33Z,verified,b154fbe5061626dd,95afde0fa229fdd0f27a0b6c7b8e47d35e9898907f40704a719b64db72f87949
e8ea4394-c0dc-47fb-ae7a-6a4e0db9f648,9d1ce89f-4a53-4edc-8895-17c8d2f24235,leegality,2026-04-06T02:10:26Z,verified,afb907a67c965463,97e8986f2119a715b051871958c4eb8fcb0ac5ed970e053fe97605fce41c9803
07be1c6e-60ce-436f-afaa-695bdad8608c,0595944a-e2ae-4250-9c38-a030e034486b,docusign,2026-05-03T05:22:49Z,verified,a38cf066338ea0ab,be8d8a84264514268be642b189fb24897dc6d8c37d5a7e7e9e1c7c17dda73fe6
53836a2b-f95e-4aac-9ac3-8e91654cfa41,329badc2-09f3-4ff3-8422-e185ef102e4f,docusign,2026-04-21T07:15:07Z,failed,fb0df5160bf13c05,936981f49836866bba0f9152fb9cd480bce5280278ef177d89e55a6146c8c243
b976ac35-a237-41d7-9bb0-c50d0d9c0483,4b024e36-6adb-4feb-9ce5-8fd8060a0a01,docusign,2026-05-21T15:34:32Z,verified,1d6dda9bdcaf125d,01bdc9b228358802ebb444944b8308df78c3775652b8006cb1aaf9738bd4e8c7
bbae4a45-a73f-433d-b9a9-873009680c2d,9860433c-a60e-40de-a1b1-845366f21237,leegality,2026-05-19T09:21:23Z,verified,0041c7f02cdf8fc6,b5bbe91b81c6db457473270595f4d37b20caeecd5b63004b5f62ff3d34729745
27d1fea2-9cf0-4edf-b56c-dced0e0b4510,8b0f9680-85af-4040-9b11-085f0d2c164e,leegality,2026-04-06T15:20:19Z,verified,4334102f41fc816f,390bcc365222328900cd3a8835ec21e238164991f96f86e34b3fd2d7c2ae1965
102aa0f9-919d-4f92-a132-8b6bfb786b0f,757dc9be-b945-4f85-ad9f-c6f527ef3f03,docusign,2026-04-14T16:45:38Z,verified,cb69ac405ebbbabc,10875393e89c7d085f575c6af125e89a98b8e117c33cf6281b8c0a44e8b21e35
e3029274-e0f8-4db0-a9c4-c1a6b7d6b7f7,bb98b65c-7a28-463c-aebc-d4e4e3c9c102,digio,2026-05-25T09:24:26Z,verified,6cebea2ee7aa9672,6c0ef94d27131f4bdee30fe92039c52dfffce2ed5d55b81006d671838fce19c5
7b568be4-afa8-43d2-820b-b5af9e15af55,44fedf3a-ac23-46ad-ac56-40c48b89807e,leegality,2026-06-11T05:40:57Z,verified,5f13a18249f18ad0,7ad072bd525681fb9e0b91b93c548b017c9453347ff7abc39c45f1e48a71f694
80608f21-69a1-4045-88a7-44e255479473,ac7cbc79-c2b6-49af-b1e7-38f7f8b5f872,digio,2026-06-12T20:47:13Z,verified,15013b86a9a119a3,0f50130673720ef081ba798be143efd84ccdcccb90bd88f51f2bdf98a937b68d
04157419-b21e-4d1c-92ab-94aaeb791cd8,33ffb6db-b349-4633-a4f6-e819464e4c0f,leegality,2026-06-06T00:26:00Z,verified,bf4dc3dc6894ee0f,288225787252b09871be0f6ac6c33eb7c491576ad6896902f1c2cd8d84eb6c34
76dd9890-5c86-455a-810b-163114776edf,0a98712d-3a81-4a45-990a-8b6303b35a39,leegality,2026-04-09T18:24:32Z,verified,95963a6b1219b6f4,72e5fd03199a4e2a00d485a093ce209a7dd646f2ce8cfb8065f671f94e138252
5cda6357-0841-4715-afdd-887b7472fddf,43e523b6-9e04-4076-8a7e-043d663c1240,leegality,2026-06-16T06:27:57Z,verified,744b1a52d56be85e,80451f66144776c140e9059330b421760d96ad4f23c6e9a02ecf4e9980ef91f2
a94c11aa-3555-4445-9b2b-27835ccdfc39,19b07bed-6c34-4863-b4fc-8f705b6e8467,digio,2026-06-20T07:54:41Z,verified,c9dd22606d7652ab,1921c12fa02196d2075ca9015581d56b5bae6f96bbfeab1ea9a2a0753f06a75c
279347be-ebd6-4ae1-aa0e-12bab356676d,c642a1dd-743d-4dfc-8868-5202738ce7b4,digio,2026-05-27T00:56:16Z,verified,780bfa7619f36b58,19be13e497ddb624715e9560bd805a2a71917b8c872b21b5d3e662212c775a9f
c64ec392-3874-4792-b7e1-c851e726371b,99c742fe-74ba-43a8-a671-8b924cfdb1d3,leegality,2026-04-18T04:15:57Z,verified,70d0a096f121e79f,959c25d9a29974eba919f40c3231aa7e652a952abda6c0a26dde0e0254fced8d
65d55988-9556-4a50-bb78-3ebb9a5b9464,ac56bcd1-7da8-4f51-94c6-c66ed9d350ff,leegality,2026-05-11T12:35:34Z,verified,5159e463b369e491,f03ee56ed680641a350d3828700e1afcde952b17e367be83715a4d5ed9a33a57
b64e2b05-19cd-4663-8414-7a8bdcfc2250,560c32bb-c7b3-4143-b491-e99383a3bd8d,digio,2026-05-17T06:47:42Z,verified,93f38cd47265b861,8bd5c8b0bdd9a86b28c0f0088b3478bba9bdc17808ba966f7a595c8fc461eea7
53217be5-7aa1-4e70-a4a1-3ddb9b1d71fa,f0f32472-04dc-43e7-8234-bc81ccb00cbf,leegality,2026-06-10T07:00:59Z,verified,6d8ce22a75e4b67a,0ff0a48529fe1817374860dc9d7ebb1436719b6bf62de3458ee04e5f5095657c
9dcc87e1-d74d-45f9-b76c-dfb9da7a418c,58a0982f-4691-4abc-ae3d-32b46829e620,docusign,2026-06-22T05:16:20Z,verified,65b78a013b772120,709a82fde9934703da56fc2d4d2845dd6daa61a469fcb54658f718d2ca7a11bb
455ccdc3-1fab-4108-b169-d4658dc60938,9bf17475-4c3c-4835-8a14-a796655bcfbf,digio,2026-04-30T17:33:41Z,verified,a87a1c810bc62905,5bb8b1e060e247b9ae07364e67a3717d6a71c8ee2764116443e08e0383b81a96
024f18bf-c922-43ec-a9f4-7b065a5d400e,e5155b97-d1f2-4e86-961b-0bae290338d9,leegality,2026-06-19T14:49:27Z,verified,004eeb22c6f19c92,091414061a6942fe46424af488ea5c8f7efb40854e0afdd34ab883161df00943
5aa4c6e2-a485-4e86-a0b1-ac46337d3685,b4d384d3-c42d-4b67-ba8b-ec445aa26d5e,digio,2026-05-21T17:40:29Z,verified,54eab1636f6150b3,38eb6d56fd750aa74c430f4f1f514aae2f63f935041215a22686beb5db2baac3
8d892a95-e161-4f2d-8a1e-fb806eafd7f1,e465c16b-43cc-48e5-aba6-d605fd3ed619,leegality,2026-06-01T21:13:22Z,verified,6a973b3caab52b99,04b745f8580b8779da166cac966744ab494a90bf8eeade4aa92d4a448e893095
8569706e-5ce3-42d5-bd05-0f34d982d722,d7eddbda-481d-45c1-a20e-e126268433ef,digio,2026-05-08T15:22:35Z,verified,5ef36542cd39172e,f2c530643bf8c3b33883c34befd0f3b7a59144c14410aa79996b6a6867cb4506
5dcec8ba-e6c5-44a7-a6b3-7dd603427533,ec9a26fb-d256-42ba-8dbb-16f02f9f75a0,docusign,2026-05-28T05:12:39Z,verified,7e65c6b6c4ee4356,7a4d2e98956b1b07a177c8524eecff3e322033fca060a2a6f39da0378370b7a9
9109710f-b331-450b-ae2f-a1d1f1454a9c,4b36d95a-6285-4762-bf48-da90460e1417,docusign,2026-04-26T02:08:54Z,verified,474dd465b18f0f76,f3c942e3ebe7e3e15c4fd1aae5472a2dab706fc180f7d5eb99426ed850506dd1
f18f4472-6d27-4459-b7b7-b6f086c9f704,549c30a8-352e-421e-be9a-0574e38cb9a9,digio,2026-04-05T22:40:01Z,verified,6760089bd0d0b47a,48c39131b837b6dd403fc000146e67538fd0ad43709a7057a73c6a2284355b1e
e8b43f32-ab6a-4e0e-8198-6dc6e41442ce,1a5eee29-3c5c-45a6-9a5d-24d8c14555e4,docusign,2026-05-14T00:35:58Z,verified,5603482bd08d7fcc,6bfbf38ecc41abda1b5d9338f96af3bb24b4056a3d9df94b500c37cef4375a68
0793ccb9-e876-41e6-8e9a-11d313597fb5,cd79a5f7-b74b-4774-9d6d-a4c0c8b9a1e6,digio,2026-06-14T19:13:43Z,verified,cc7fb66a48858f19,a85874f36ee21f1698e05a816550b0227599d9c6bd2bbe3710a2ce7e0c0ed05d
af5fafb4-5b86-4748-9597-92e8248b369e,f51b5c50-faa8-416a-a934-5382a9b8564a,digio,2026-04-29T11:58:21Z,verified,aba9fc357054fee9,75d79f044a7831453ec703eace168c75748c313539f5d13a9be68d137736fff6
e0e82f94-e45a-47e8-8bff-ab5269525653,978d5fdf-1d90-4a52-bf5a-8ad0fc6ec5db,leegality,2026-05-09T14:07:14Z,verified,04cb3f7d7224df69,dbc6c869cb4c1cc6943ddf6db3e9f8f73769444da4beeb2b61ce4bb9bac68265
104d44ee-839f-4473-a814-2a6086616826,ed595634-2ee3-405a-bbcf-10bfae00d7d4,digio,2026-04-30T02:32:44Z,verified,329abd6bbde2db6d,0e41041be510229e18e9391f99feb5f169e03123cbd3e8cd658a17c8a45efc77
1b84a1a9-9605-45e6-a9fa-820228d0a2f6,d6894993-5b88-41a3-afd2-66ccdfd98289,docusign,2026-06-03T22:23:13Z,verified,bf1a8d7c7365a643,1a552995196ad2ad3b30e39597f2c031d235267a9aecc304cc9bcf889f7c0b14
e43fdfe8-36c6-47ee-8c66-975aaac08e92,5ea153e6-144b-4f03-afe1-7b688d9d3a19,digio,2026-05-10T17:36:21Z,verified,402165c46eafc091,73b5575b017df05e56085d2ef94749fb6f5ca93f9aacbe7da212f25c1ac377ea
04270435-09d9-4980-ab42-b9b924c7ab06,4375ebfd-601d-44cb-acd0-57857e37a46f,leegality,2026-04-25T20:33:10Z,verified,80f9eb94987f7ef0,b99ec5dcad9af237c27743d82bbcec77097c6155a01d1a649e8b8fed3ee93d4c
de4bd342-ec18-44a3-baf2-1e35d3c78d44,b9efb178-3982-48ae-809c-bbfb6d0008dc,leegality,2026-04-08T12:51:51Z,verified,ceafea38e40bf87e,762e40fc73e77c37a04eb51ffc7520ac8bd98d79673fb5827a4c0218f2c14b7c
0bb28f90-c45c-4e5e-9891-5a79951f085b,36d5f4e2-53d9-48c0-85bf-bee4d5fb67fa,digio,2026-04-27T07:40:12Z,verified,bf0dca037b6b1772,d0587c5f38a75811d72e074b4ecc56158d6bb29a59338425a805f5d810ee2ae5
a04b29e9-06c7-4206-92d0-41ff41abbadd,aad51a9e-6451-499c-bc55-ec0584ac87ce,digio,2026-04-24T00:32:11Z,verified,be13279ac8c20f74,27f01a6061de222413b66b4207917c668c7a7b9b369dd8d97cec16b23e4dd0c2
3edfdd79-c2a4-4bed-9680-c6211f2f725b,d7c177b9-e8d4-4f05-890a-475fb1a6c600,digio,2026-04-24T05:45:17Z,verified,73fca6b699a81631,7aa5a878973c6f75b74d6512df62765153f12ee6404fd406c716c05488006a3c
a6efe19e-2b7e-44b6-972c-a07f97b23f22,0d9d4e5e-968e-4af8-9a0e-e6f7409c04b6,leegality,2026-06-09T02:22:14Z,verified,ef3e127373f3adce,bb619559284471d2074ef61a37e61d9ec1a216761d2dc97980c89587cae3ed1c
b6868826-3ba4-4aeb-a311-a6113d00df56,3acc0a40-c982-40b6-ab3f-39a8442e7d6f,leegality,2026-06-18T18:29:13Z,verified,293541e93332f795,fb0ef601c0434a2cec3432a7e7eedd9b8eded5350ae17bc788f1ea4d1db4081c
06224721-529c-4cc0-a413-36c1c5d41697,7b60a7f1-ea19-4635-a6c6-fc243a107db7,docusign,2026-05-20T08:20:43Z,verified,1d977073174e4039,c14074c2e8dce8f23360dfd3db1af676ec6a89b511c05bd58a8624a791328c49
a63f8251-ab72-447e-be1e-157f1ca509ea,dded5794-6b08-4dc3-a703-16035cd5b84e,digio,2026-05-25T12:38:23Z,verified,0bde0721f6a910d6,28ad88eb1377c7a5460487ff3c7ffdbbbca412f0ff84ccadfe523b90823fa43f
2ec5b874-55a2-45f7-96a0-fd4e6025be82,817def23-a44d-4f25-a33a-0c6426f5ea55,digio,2026-04-27T04:57:51Z,verified,fa12b5ccf2e5c1e4,212c2ccc6a273b05e0531e3c9e87fd991c9b694325ed627a4f329be5d116ddde
7b88ea5c-4227-4c18-8f00-f6c75cff2872,5fbd3aad-0de7-4806-9214-ae20e3f5f745,docusign,2026-06-20T12:19:10Z,verified,4cc38ff7df6ad15c,901f8a23db5f64df7de8cae9c466e82caeff423ffe103b13395d27ae6812a890
fe7c6427-f28f-4253-84a3-84c17e67bdcf,b3c29e57-4de9-44df-bdc2-d9c31bd03c01,docusign,2026-06-25T00:57:52Z,verified,a072d7d2ebdef107,ae70baa446d238b431e3762406f37c644d6f388da17c0322e39b3ac2f2466ccc
a6fbac3f-92d5-4364-9308-550c73d8504e,4cfba5ad-614e-4f60-9467-9591ef5dcba2,digio,2026-04-10T19:34:03Z,verified,9202b7e649357834,dbb65da0b4c91899fefbe05a1b82397f9ed40d733f2d82c1ceb5ba4eb48e2a1b
6fc572ca-0fe6-4b14-8379-abf21b1a4947,b31397cf-0e10-4632-b957-ba5a6917ef83,docusign,2026-04-22T20:33:06Z,verified,4ac36ddeb58cde4e,575448d1d60fbb05eae79b7e3fefa00e58453ef55f0a5381fbd03d927a857fdc
d1a4163f-989c-445b-a775-0fe293c23075,6c706734-a7e5-44e4-97d0-4b860dcecf67,leegality,2026-06-07T16:49:47Z,verified,3dd67adf4974c95f,8b9c52b707b71133e0f94e00c8f4ab3f006abc0cbd8b74d68e9e5778550069df
95bc7170-404e-4f87-bdf1-537849b15a2a,93f26bca-c259-4663-b206-f71aedb8bd9c,digio,2026-06-13T08:35:48Z,verified,645c0c99233e5d2d,79b72f4d445756986ef7c1a68c823ddd233064cd50cc724236455941ae81d9c8
eb65c95c-bd37-4802-921e-0df2fc4b90f0,7c4f3591-431f-4654-b250-77a01d178d25,leegality,2026-06-18T05:37:41Z,verified,a6601fce7c9f891a,ceb4510b8145eeaed91d129da009cb9e0333b69eb64ac441348e4c4c055c3494
1981ce1f-1c47-4147-8c3b-bfc542792780,5f79d532-e64b-4610-9715-aa8a262c4c92,docusign,2026-06-09T06:46:21Z,verified,bf8af3127904f7fc,460ee334c4ab03c669ca7faa937f02ca793b1bee0bb41d75bdfcc94b63164349
2821a59a-fe2e-4d8e-910c-1d988f82526c,967c6758-1e21-4d76-953a-3e9e37130b8c,digio,2026-06-21T23:59:37Z,verified,e98eb3cf207f457d,b792ca3675777810727a1aa28d31268e4e06d91caaa538ca65d4da6100d1abac
0cd3df88-3e9f-451f-8de4-bf89921f8f10,614702a0-44fd-4b1b-868f-920302285097,docusign,2026-05-19T09:14:53Z,failed,42f8a045ecaacccd,99ea43c88fb42d2b1fc164397c80a6534527515c4b16943763fe7f1e2d57eb2e
6fdcfc66-1419-4755-8d49-2572c3d340c9,2bf698d9-19cb-4aba-b572-92790b7de19f,docusign,2026-05-12T14:09:49Z,verified,8c6ae105ea301640,f2a202ad0d6bfba477e16c6d14d7a957c45408c31889a98d938750c4cffbe881
8d90c4bf-f1fa-47a7-a5f9-5dd1a32fd67c,eed18e6a-079a-4358-84e3-e0fcf81c3c9e,leegality,2026-06-26T02:32:19Z,verified,4282f6c4870daff9,23ff6252bc0f761dc26e6efdce433cb4130fad22b5b976c099deef252719698e
7c7a01cf-7bb3-4ed7-9f55-a58a75735795,73cc7957-049a-4f24-9a11-5dbddc52082e,leegality,2026-06-07T08:32:18Z,verified,8d207550d7b8ca26,7e8001b085f5373c35e3daa5bc6bb39de516e94126d8a3e4fceff73cbb237779
4271313e-db18-4508-9a14-50df21f201e6,80dea072-13e4-4e52-bfe4-bf04f590f2e6,leegality,2026-04-05T03:36:55Z,verified,792637c24f9028eb,dd4f7f793f0b97278d1ad46eeeab7a856e3517d5c28ee5fe95609620f1d79488
6764b21f-fb1c-4e7a-b005-36943b54221f,9776d740-2401-4bdb-8621-4be4d127ae75,leegality,2026-05-09T00:34:46Z,verified,d455c32246dee4ed,81155afa1ff2f828b13e982d6f451d55fdfa28d0ece6b6bfe30c0a70732d8cfd
517332b8-0e67-43ef-b83f-0c97b1417399,4c06e557-5936-4c2f-a055-95831eeaf128,docusign,2026-04-04T00:30:30Z,verified,f1866685dd06931c,d7c357ede43f3239191138c679221b1cac8b361e7c97aca0e21a12b4de82796b
00797a27-e609-49a7-aa45-88fde628381b,040118d1-5041-441d-a354-1fd7f90c62e8,digio,2026-06-02T02:50:05Z,verified,561d986b93a92027,93acdb3472fe7c5dcb4a79fece8c695cdd60a1e84cd0b2986a1fe7b9278e56c3
ad614814-fa18-454f-993d-f58846c4de94,bdc786c1-53b8-43a8-92d1-aaf70488641a,digio,2026-05-16T17:55:39Z,verified,0f866e91313e0d3a,76a8d4a20a8fae9d8194eb7ace7230545fff3d6fc21f0b2d697b34a79de270d3
86377c87-1fcf-4afa-9694-8fea8c4f99c6,643f112a-6b07-4e2d-b39b-0119b30f427a,leegality,2026-05-13T07:47:06Z,verified,31d07107a57c879d,a310dbddb50b4aa8d350a583c62d072cad9b89f56b6e4b4f0dee1f3be147bee4
7b0857e6-1aa1-445b-a85e-dc3b3cd702e8,30c8a08f-e75a-484c-913f-8873f4957c97,docusign,2026-05-04T00:13:02Z,verified,6d37dda74d04cdcc,6b35eb88e3c965fdb618dc0583f50dd31e76bb0bb28ee8df4018d7a0363e87c4
5d922450-ea20-41c1-a50e-9208a855a78b,5bd334c5-8fb3-4fc4-a1cd-37e653588b37,digio,2026-06-12T02:47:13Z,failed,29df69e19f33b88e,077a0cd52ae365e4929e55611d13a80f873dd10d75de7a352605cebee2129f1c
8c642320-170e-4c8e-a42f-b60b6f0346ab,784f13ac-33a7-4d50-8090-3e179971f915,digio,2026-04-08T01:56:44Z,verified,6ba61105ebfc4072,bf6538bdadf71c5505d069e0a184cfd1fc18c8ec2e7fa3e080de0b51fd6cf40f
bd5cb423-d695-414e-9c76-137882396b6f,36c3a6a4-b5f1-43a2-8b1b-43317bada4d1,leegality,2026-06-09T00:35:01Z,verified,3c024aefc35ff6d1,8f311fd5e296e5fbb5973b4221f03f549ac2c715c92d7a9e1aadba2672d5f8b3
f3b10f60-ecd9-4594-a1f5-c0ea429f7aa7,7978928c-3458-4fbe-a595-fc28ca8bfd15,docusign,2026-05-10T18:04:53Z,verified,c560bfd5870d6ba4,c6f4287c28b4af465fdb8c816afffd729900f68f56bc9419a83691cb909d22de
1e826479-0a6a-4e23-a12b-23bc19b16c67,3aa96ffb-d4d1-4c91-a5bf-159c2c2b3432,docusign,2026-04-19T03:41:03Z,verified,5b6aa1e0fc39da5b,e569bdedac21a80aeaf2bc692e1ade375605a30ff671313c0f5bfa5deec1e1ef
8047c7a7-e225-4e29-9c3f-702f82bd79e7,fbbc4fe8-a108-42ea-b338-2f7549243bb4,docusign,2026-06-23T06:39:33Z,verified,dea8556f744508e2,69095c3df7f319597901adbc9e22ac523919888e6d232c9b57736e99c8f3ba5d
fe19b9f7-fa48-4796-aef1-9ca6f73b24b9,a982f121-1a3f-46bd-a255-8aa9d124a5df,digio,2026-05-03T00:33:55Z,verified,114b718b86501497,a076ea1c5d2e6cf5850fef588558476de36bd7ad7a49a75673ae83ad32919058
b8e0f913-e419-4648-9a0b-5f5ad9eece25,2adaeb48-bdcd-45fe-ac69-b68ab9418a40,docusign,2026-04-09T03:06:07Z,verified,fca8a23bb94501b2,d5149dbc0f7ad90bb40afb58dc306742ed9bb1808749ce7ba1acc1bb628b737e
a15ca469-c8c8-4b56-898f-94f957b1f415,cddfb4be-c453-4105-be12-219a130c1484,digio,2026-06-03T19:13:54Z,verified,7a8d3eb19cf4c8a2,638841c8c1c8b515ded587da8534b005da65c70c8ca5ed3d228fcd8c12645817
