verification_id,offer_id,check_time,result,check_type,error_message
4e2b81a5-e5a8-4341-b40a-68b944738b2c,9769e1af-6fe6-4187-bf54-0e0fe51c13f1,2026-04-21T20:24:31Z,pass,provider_webhook,
5dc176de-abff-404b-96b4-b79bca4ffbdc,dd72f27e-3af5-4159-ad65-f425b6a6df99,2026-05-22T21:37:43Z,pass,provider_webhook,
7a66363f-71e5-444a-8291-96e4770011b5,0cba1b13-b475-4011-b1d6-4340634ab347,2026-06-08T08:58:17Z,pass,provider_webhook,
67c2b965-8710-4cac-bc6c-2a4ff59627dc,abef7954-dace-4f86-929c-6e74553ee844,2026-06-07T01:50:38Z,pass,provider_webhook,
61056889-4b57-4add-8237-aacf16bea583,006f08fc-0c9b-4a62-b485-ca976d311b47,2026-06-28T03:18:10Z,pass,provider_webhook,
4e4de7f8-6a90-4604-9bc9-b363def7c245,78e581a6-c7a7-4d77-b9cb-87fffd3ca07f,2026-05-14T05:29:46Z,pass,provider_webhook,
23d2159a-5531-472e-86d0-5bf610029308,c6090896-67aa-4ecb-a664-840e158e3f57,2026-06-28T06:25:53Z,pass,provider_webhook,
c45483b7-a758-4412-aed7-1b269729840e,e16ad1fc-2949-4832-8a44-47ce16c6c53b,2026-06-23T04:18:12Z,pass,provider_webhook,
3f9b5a76-9c60-4768-aa0a-4a560c75f880,b299305b-0312-468d-ae46-67de3803ea7c,2026-05-16T22:12:55Z,pass,provider_webhook,
fc29bf02-89e7-40d9-803f-830f715276e9,a3835354-fe89-4f12-8f8e-6cae37cd2f02,2026-04-07T07:52:00Z,pass,provider_webhook,
4393a923-8819-49e8-ad9c-1925d5384e8d,44860eda-11bf-4358-bd60-d589b069e091,2026-05-15T11:59:45Z,pass,provider_webhook,
b86409a4-66e4-4328-b1c8-c12d1ac652f6,a966f06e-9dad-4a9d-894c-7807922db518,2026-06-26T06:20:57Z,fail,provider_webhook,Aadhaar validation timeout
886bf7b8-7654-4347-8c91-4bf74155ef9d,e2331b22-39b1-4900-b722-0e8fc7f8e73e,2026-05-15T00:53:10Z,pass,provider_webhook,
e6e80d5b-db07-4e34-9741-3c980718bb6a,6f9e2ea3-f68b-4fff-9152-dd972c13b088,2026-06-25T05:45:30Z,pass,provider_webhook,
e75c03b7-9488-4c5e-9fc9-ea9674766c9d,41f2a32a-95c7-4cae-8ed2-01f103991c3d,2026-04-06T07:27:51Z,pass,provider_webhook,
e2ea9d91-7a0b-4c89-9fd7-d66ad6c9950f,64fcc0e8-2271-4fea-b94b-91199290297f,2026-04-05T13:25:49Z,pass,provider_webhook,
9513d099-7fa7-488f-b68b-77917e0939ae,8a4bdcf2-5a6f-41ec-9402-8f524abe5243,2026-04-17T18:22:04Z,pass,provider_webhook,
1a05dd60-03e4-44d5-a76e-64f35c56f6e4,510d555e-6734-4678-b151-5823d5e78790,2026-05-22T22:09:26Z,pass,provider_webhook,
89790fed-d638-4428-af02-556776e90006,992e61ed-1722-48fc-8436-75fa15541c47,2026-05-31T16:30:56Z,pass,provider_webhook,
a682151a-a674-46bb-a8f5-2f2cf6443ab3,b4ae4596-2148-4bd8-bc73-fb37f85c359b,2026-05-14T20:28:15Z,fail,provider_webhook,Document hash mismatch
47456f4d-42c9-49be-b542-005f9965613f,b4ae4596-2148-4bd8-bc73-fb37f85c359b,2026-05-14T22:06:15Z,fail,manual,Manual review inconclusive
87be5b97-f190-41cd-b210-cfa162f185f9,661bee25-26d5-4e28-adad-5b121d08a088,2026-05-19T16:00:12Z,pass,provider_webhook,
a2295cb8-6631-4c21-8567-de4cb660539d,e961b08b-05de-48fb-a04c-74cc2c0a256c,2026-04-26T02:20:11Z,pass,provider_webhook,
49962e77-b9bd-4804-80eb-114941d466ce,0da7ac26-d760-44a1-810c-c007ce48eedc,2026-05-08T20:55:25Z,pass,provider_webhook,
8c8a88eb-087e-44b9-ac04-ba7ad3d925ed,e76a0de1-1663-4230-ae8a-8b42d0ee81c4,2026-05-22T16:13:51Z,pass,provider_webhook,
32750d6a-dafd-49a3-9f87-63048d2dbdf4,b69fb12b-d00a-4a69-a764-da58277ee264,2026-04-03T09:26:56Z,pass,provider_webhook,
a50773e4-ac9b-48b5-9909-409661205fd9,90f8a44b-e7e8-4157-b6c3-4213c7efc730,2026-05-03T02:56:13Z,pass,provider_webhook,
fd75dcb0-ba3b-4280-baba-6b1fa88ea3e7,044f3764-eddb-4705-b3fd-e47d0eb460af,2026-05-28T08:54:37Z,pass,provider_webhook,
e4b3e155-6d4e-4603-804e-364e12677498,88784770-f8df-4177-bb58-329165416669,2026-04-25T15:30:11Z,pass,provider_webhook,
cf4a82c8-8a57-485f-abf7-9f2f872d1da2,a82c022a-5dd4-4f1a-8877-a0eaff89a99c,2026-05-29T01:24:59Z,pass,provider_webhook,
904d1c1c-9d40-465c-b3fd-fe7e65115f01,3d3c2f42-0b97-41cb-8c93-13ddee05e494,2026-05-06T02:59:32Z,pass,provider_webhook,
34390429-c162-4f86-aa89-8e46df295583,88075bb9-f572-4b09-b99d-2bd087a27fd4,2026-04-14T06:49:04Z,pass,provider_webhook,
99a1e1cf-972b-4e70-b90d-c5763a8b194a,86372bdd-2495-456d-a6e6-7ccd2ea9575a,2026-05-17T15:14:11Z,fail,provider_webhook,Aadhaar validation timeout
a09afc2b-23c4-4413-ad67-fa1bb6a3d211,86372bdd-2495-456d-a6e6-7ccd2ea9575a,2026-05-17T19:37:11Z,fail,manual,Manual review inconclusive
6e9b5a12-8137-4ff1-aab9-11ed60b0675d,51144ea8-17bb-4109-a67f-ad3a85a03f85,2026-05-04T03:31:03Z,pass,provider_webhook,
ba887417-2961-4bb5-977d-68bf6818ba29,ea7808a6-a294-4290-ac55-46c28ed90c80,2026-05-17T14:02:22Z,pass,provider_webhook,
6a7ce29d-bfed-48b9-9a6d-386b4d6c9e6a,91a43565-2384-45d3-b422-781fa8bf61fd,2026-06-18T03:27:51Z,pass,provider_webhook,
9550584b-1c02-49fb-9dba-38551701621e,a845e611-c0a9-4a97-b4e4-a750b8daeab2,2026-06-18T22:43:41Z,pass,provider_webhook,
afbe1123-912f-4f97-ba10-3e3d133df992,37be595b-72c0-41ad-9edf-b4e2393d6ad3,2026-04-11T14:00:36Z,pass,provider_webhook,
1d0434d0-37e0-4141-8260-c2b93896ddfa,f4105865-8b0a-4c81-88dd-ab722afe7a4a,2026-05-05T17:57:15Z,pass,provider_webhook,
0b39b4b6-dd92-4cd0-bbb3-97d4cbcc2571,96d45286-8671-4219-8f20-d809e5fa9ed3,2026-05-16T05:12:40Z,pass,provider_webhook,
878f708a-7803-4fea-8b95-22357dd82b43,ada2c6dc-8fcb-47fc-aa59-18778c4bf5b3,2026-04-24T05:52:00Z,pass,provider_webhook,
0842658f-97c7-4787-8b63-2bccc32be658,83296f40-f51d-446d-b5e8-24cb64a024a1,2026-05-19T08:11:42Z,pass,provider_webhook,
275c8e0f-b1a4-43bc-96bb-4fe0e306b3bc,025b264e-64dc-4377-b90b-b92632895399,2026-05-19T08:07:28Z,pass,provider_webhook,
51b67d81-b734-4dbb-8f8e-61e286684b4c,3f4d57d1-e8a4-474e-bd75-1e4b56a01b82,2026-06-12T21:33:29Z,pass,provider_webhook,
056940bd-639a-41ba-8b36-9dc5114d9fb7,ade950db-7b0d-469a-8ad5-358e2cbf28fe,2026-05-25T22:14:15Z,fail,provider_webhook,Document hash mismatch
859a7613-fc1c-486a-b669-c2777c867e6a,c288c6be-81ca-409c-af46-ce6e109a57fd,2026-06-05T05:20:24Z,pass,provider_webhook,
3d2368e1-3060-4d06-968b-9eb9cbaa41cc,569b7aaf-d1a2-41c9-989f-198eb71de0bd,2026-04-28T20:44:14Z,pass,provider_webhook,
473178ec-f6b0-411d-923d-0bb66f8b817b,764f00a3-09a6-4b78-a461-6d33c8d9c4a4,2026-04-05T17:58:42Z,pass,provider_webhook,
3174dc3b-67fd-4110-bb5b-ccd298ac3567,3fefaa99-28cd-4f79-af16-1fcc1fba3c54,2026-05-12T09:38:39Z,pass,provider_webhook,
61b0a2db-3f12-4a6a-856a-ea0e9860170f,918c68da-1fc7-42e3-86f8-7330319cb863,2026-04-29T05:26:59Z,pass,provider_webhook,
a46f3eb0-3faf-4a6a-aea7-3a6c1e0122b6,d224c649-e04b-405f-a759-fe3330635d44,2026-06-06T08:48:43Z,pass,provider_webhook,
986fba07-63a4-45e0-8867-d10a9434a8c0,4746e3a0-2194-4da8-b556-56ee0c808901,2026-05-05T09:44:59Z,pass,provider_webhook,
fe841ed2-a05f-4deb-bc85-6bc7456f9f98,57373252-fa03-4caa-b11f-77e6eeaa961b,2026-06-20T20:24:57Z,pass,provider_webhook,
57ac0b21-3295-4842-a896-5b6bed7be8f2,14ca23a3-86d6-4e9a-a073-4913163eafff,2026-06-04T22:16:33Z,pass,provider_webhook,
f1270249-247f-4992-af25-c204d8cd5cf1,6ea19645-ec1c-42ee-b7f4-e40af71cc2cd,2026-06-10T09:32:07Z,pass,provider_webhook,
1c0511f1-23d2-4820-9d6c-7b1d11762725,6d31fec8-7c77-470b-bd6e-d352a6ca0426,2026-05-19T03:39:49Z,pass,provider_webhook,
fe8d8ea1-c938-46e5-b6a2-579dd3b6d828,b45b1e5e-f6f3-44a4-9839-f2abdf679df3,2026-05-28T15:27:48Z,pass,provider_webhook,
fc361911-eb63-4097-835a-fd33a7ef1c12,cc08895a-aec3-4001-b1cc-b872f762a3ac,2026-05-09T01:41:22Z,pass,provider_webhook,
92164ccc-d965-41cc-aefb-c3040021e251,13e44154-69bd-4b3f-a220-733e3ef209b5,2026-05-24T22:22:50Z,pass,provider_webhook,
021ee4a8-e917-40f9-9525-e09627e478ca,b0a85a7b-34f2-433a-9547-bb29f76e26cb,2026-06-28T11:57:42Z,pass,provider_webhook,
32a5a81c-1085-415e-b871-441d5228f6ae,085abfb9-5a5f-4ea2-a39a-e1d6c175fd7d,2026-05-04T01:45:17Z,fail,provider_webhook,Aadhaar validation timeout
1ce9940e-95b4-4633-9574-f9296bae50c7,9a117e56-44f0-43f6-8003-462a1a3d9580,2026-05-27T22:11:49Z,pass,provider_webhook,
506f70a3-bf6d-403a-b228-acb56404ec14,e3dddbc7-0db5-48ba-bda8-074579e698c6,2026-06-14T16:40:06Z,fail,provider_webhook,Document hash mismatch
1b49724d-7dc5-4a61-ac5f-df7a60830f64,e3dddbc7-0db5-48ba-bda8-074579e698c6,2026-06-14T20:17:06Z,pass,manual,
3a482910-7742-47e7-9d09-e285535fd831,4038d59d-e8af-4051-a069-9923c8a616a1,2026-05-11T08:13:53Z,pass,provider_webhook,
4fa44cc0-a6b5-4602-9228-a51a15ae54e9,78fa9368-922e-4d69-a929-3326874baf4c,2026-04-21T17:24:16Z,pass,provider_webhook,
8b17bdf3-d890-43f1-9802-86b10ff81e1f,2a4b4512-a78a-4c4a-af3d-85a188b2f10d,2026-05-25T06:00:22Z,pass,provider_webhook,
c47678b4-de59-484d-88c8-4019331bc477,2b6927fd-24ad-42ce-b81a-b36cd4b797c0,2026-06-18T18:31:08Z,pass,provider_webhook,
d433d1b0-8d94-4a18-9218-214ca87947ba,fa57310f-47b9-4143-868c-382c934b1969,2026-06-12T08:36:37Z,pass,provider_webhook,
3d2a9db0-4ac0-44c1-81ff-4de44f068bce,7b3a56fa-44d3-4b35-b2cf-ce1ddad62a1b,2026-05-13T16:07:26Z,pass,provider_webhook,
472e0d79-68aa-46e6-8bef-47a4de7e7d73,4550506a-7b7b-4215-b6d1-1e82e2167d8f,2026-05-03T19:35:13Z,pass,provider_webhook,
1aa3f804-e0db-4a44-bcd7-2c8eac681f56,b358affe-c7cf-40b5-8ac2-98cbc132dfbe,2026-05-06T18:17:18Z,pass,provider_webhook,
93001740-25ce-4d9a-8212-013214e472f6,90c348cc-d596-46de-b091-fd0784dd8b86,2026-05-26T22:21:14Z,pass,provider_webhook,
baa83f00-73a8-4f7c-86dc-f0e86f555d55,a0e5c855-8f4a-4831-8378-43addf3eb076,2026-04-06T18:26:30Z,pass,provider_webhook,
28b8d0bd-225e-4ed2-97ad-28f951bd4591,3e583186-fd3c-452a-baef-c9701bfca4a3,2026-06-05T13:42:34Z,pass,provider_webhook,
b246087d-039e-48c8-81c9-b044b9552301,f525cce7-8af8-4c22-9bef-958d3a69d1ef,2026-05-25T11:13:59Z,pass,provider_webhook,
661f5391-85a9-4059-849c-d5520af616ef,0c614379-5033-47fa-9d14-6a4f2cb84fc4,2026-04-03T11:23:01Z,pass,provider_webhook,
cf8306ae-9910-40d3-a059-54fbbec7b075,960ec41b-9ad0-48e8-aad4-60f98cfd28fe,2026-04-25T21:01:32Z,pass,provider_webhook,
5b6944b2-d83c-44a0-a04d-d0a6ed4432e9,5a867a45-7b80-4752-b889-454d410deba6,2026-04-09T16:40:37Z,fail,provider_webhook,OTP mismatch
1483ac79-d87a-4b7a-9037-27cd5b9555ee,5a867a45-7b80-4752-b889-454d410deba6,2026-04-09T21:03:37Z,pass,manual,
7057b05d-cfef-4dd3-ac89-2cf4adf8de26,87a2a51d-e96b-4605-914d-00a1faed6393,2026-04-27T12:29:23Z,pass,provider_webhook,
75536101-4429-47c2-9714-ef27385cf172,f4093daf-b020-4894-b8ef-4bee32e020f9,2026-05-04T23:38:25Z,pass,provider_webhook,
3e1e410d-a089-4904-9a24-447ee6e06046,af64097c-e3d2-4014-a595-3b7f3abeba98,2026-06-08T02:46:25Z,pass,provider_webhook,
f6ad8271-ed1b-4fd5-82c3-0ec892440769,c640d630-3da3-4c58-8a36-9e1d071a8026,2026-06-20T13:28:29Z,pass,provider_webhook,
eb73c967-2b2a-4066-b2b0-a873c3924bc1,d7c0cb2a-9598-421c-9b4d-3ccda9b78b3e,2026-05-04T13:09:10Z,pass,provider_webhook,
a6c4815b-f276-496d-96fc-38bb72eb0777,95d1f6a5-b7ae-49d9-b4bb-9de91d4ea5b5,2026-04-21T04:44:49Z,pass,provider_webhook,
77ff31d6-fa74-4108-adf7-ad4264b5e60c,16efe788-5b00-46ab-8745-6f5c9b6db39f,2026-05-25T06:54:43Z,pass,provider_webhook,
4f52bc52-c138-41d2-b886-b72f8c8f01bf,74fced05-6aab-4f43-9684-bd0616f12dc5,2026-05-13T14:24:13Z,pass,provider_webhook,
73415715-8f06-4b3e-bcdd-4466ac5cf0c0,1414492e-d1c4-4db4-bcad-a11c1b2b7c03,2026-04-02T20:16:13Z,pass,provider_webhook,
b0fa4176-9941-4e43-b7b9-5d6304344220,53228a8c-58bd-4d8c-a659-ec7a355525cf,2026-05-05T21:54:25Z,pass,provider_webhook,
225cb658-0133-4a1d-b3f8-9bb502047a4a,7d5b958d-80c0-4c61-b2a3-44a41ae01909,2026-06-10T05:36:10Z,pass,provider_webhook,
2ca5d6a0-689e-42a3-9f80-85eb83fe721f,0c6e0eb8-3395-4cfc-b34e-14bad3375511,2026-04-23T23:15:35Z,pass,provider_webhook,
a1ba7e98-ec6e-4a72-ba8d-c4efc8372c5c,e3196372-9e1a-49f6-bf44-d3f2ea7fd1c1,2026-05-25T10:16:35Z,pass,provider_webhook,
a6ee5241-8a36-4008-9d12-1f694c2817fe,ea5327c2-1a42-49c7-af7d-183de2670830,2026-05-11T11:04:00Z,pass,provider_webhook,
184af008-4de1-45f6-b5fc-4d215a10b9d8,7c1a6cd9-25f0-4d77-9b31-d5f18c8dc466,2026-04-03T02:17:01Z,pass,provider_webhook,
52e7fe44-de6b-4db6-9aba-6120abace4f5,cd263c94-0d7e-480a-9abe-5207598d0db0,2026-06-06T04:27:37Z,pass,provider_webhook,
c5a4c88c-8132-42ff-93a4-18e805ccfa54,52ba7923-ff33-40fe-ba51-2d95aeab2113,2026-04-14T18:01:17Z,pass,provider_webhook,
aa37c6a1-4994-4460-b99b-e518a72fa178,b0881d02-89a3-484f-991f-a9c86b7feb3a,2026-06-17T19:09:21Z,pass,provider_webhook,
54b9f4da-de21-4c90-bc96-5b5c7fcd90e1,5d635bad-7baf-4cd5-bef8-036719b08ebb,2026-04-07T09:00:35Z,pass,provider_webhook,
d488bb31-7293-40a1-92f6-c13a388f7fbf,f74ab476-cc0b-43dd-b0b1-5bd6d02fc957,2026-04-10T23:16:29Z,pass,provider_webhook,
0584b40e-5477-43e3-a28b-73ffba4e1fe3,2f82266c-61da-46ef-9dea-3fc55d15b141,2026-06-18T17:32:30Z,pass,provider_webhook,
35f15c55-d889-4883-b5d5-031edfe368b2,ade10302-cf60-46eb-940a-f654998f824f,2026-04-28T15:36:22Z,fail,provider_webhook,Document hash mismatch
642914cc-c55d-4e9d-a2b2-b788cdf52908,3d6fa54e-3a70-4f1b-9d5f-54e7183bca45,2026-04-08T09:21:49Z,pass,provider_webhook,
fc879b16-4570-473d-be9e-9ff4337c2de3,ec7dfa59-4c91-43fa-a283-c711df12658d,2026-04-22T15:06:58Z,pass,provider_webhook,
2fc2d3f2-905b-41e2-b8e6-a0a8b7bbfd44,540b2a02-6fe8-4e04-be25-dd4aab9d93e0,2026-06-01T08:03:11Z,pass,provider_webhook,
fd7193a8-2e88-4f0b-8fa2-be12821d5fb2,05e88b1b-3e5f-4fea-99c6-0e4f08a24ae5,2026-06-01T15:06:03Z,pass,provider_webhook,
69311e12-7940-4c0c-a354-2792972eb551,0221dd65-7885-4ce7-b93f-d162aeb16bc7,2026-04-18T03:41:01Z,pass,provider_webhook,
10eff130-692c-449d-998e-a1b1f2863114,d4697563-a70d-43be-bc99-22f0e7a38b90,2026-05-22T22:51:40Z,pass,provider_webhook,
69c4e63c-fe45-465e-be31-e193c1e9e20b,615d8a1c-7ce7-4170-825b-44121969ad6a,2026-05-12T05:00:49Z,pass,provider_webhook,
271660a9-b9fb-41d6-93a9-66f6c717af74,f1ffa44f-ec4d-44d8-b377-583828260108,2026-05-07T14:19:44Z,pass,provider_webhook,
6db1bccf-6776-4be9-af0e-ba74f0ce40b1,1c01275a-475e-435a-8634-f66275f9995f,2026-05-06T02:28:32Z,pass,provider_webhook,
9710222b-2aae-4805-832f-622d4f95d630,22ef0de3-6cbb-45c8-b5d4-06e09e52f048,2026-05-23T08:12:03Z,pass,provider_webhook,
e5e0d809-18f0-478b-97c0-77de6e279fa1,e0127f30-8b3b-4291-97ac-c2bfe9a15f9f,2026-05-18T05:51:31Z,pass,provider_webhook,
84a26b25-a7a1-486f-83a5-589b99657df5,3f713ac8-79c7-458c-a0d9-a23cbc45c66f,2026-05-14T01:26:32Z,pass,provider_webhook,
b7e056d1-60cf-4f3a-87a9-fe6eb963b78b,82135dac-3779-4c67-a32e-170c4c3c2137,2026-06-27T10:14:54Z,pass,provider_webhook,
a31040e3-48c8-45f4-8e16-09c40a8c7464,71db18c7-b5e8-4b83-9cc0-823efde8d4b8,2026-05-14T20:12:16Z,pass,provider_webhook,
7862155f-e716-44a1-9956-b008de63fa6f,40faa712-1ab2-41f4-a7c7-405a38c21bf9,2026-05-27T21:57:42Z,fail,provider_webhook,OTP mismatch
db5c130c-0023-4956-ba64-c4ea9f8c7e11,40faa712-1ab2-41f4-a7c7-405a38c21bf9,2026-05-28T00:50:42Z,fail,manual,Manual review inconclusive
5623f3a2-c0c6-4ebb-842d-779cd2059259,b24e1f3c-6f65-4a13-8735-1c70858e39d3,2026-04-08T17:05:55Z,pass,provider_webhook,
0e107786-fa65-48d9-b15f-505ba354d8cc,dca0d128-d788-473a-8332-0a326ccc1a88,2026-04-08T16:26:37Z,pass,provider_webhook,
f91380ac-d4e1-4b5b-a7b3-f2510724bde8,c4269ba8-58e9-4837-ae6a-dce7cfc315df,2026-06-07T01:03:49Z,pass,provider_webhook,
af663125-fbbf-4ed5-86b8-f7304d8a0b90,2a1da026-c988-4354-8b1c-0e164926bfc4,2026-04-28T18:56:43Z,pass,provider_webhook,
39e0fa5f-7c97-4998-adf1-8e1a1c223b4b,c2d89b92-cd2c-4dd5-b774-7c4f29129cf5,2026-05-09T19:24:06Z,pass,provider_webhook,
792c19c3-0292-4356-be95-937a7a9db38d,69e9ab9d-460f-4f64-a151-462daf3531cb,2026-06-06T10:17:46Z,pass,provider_webhook,
fe48e65b-beb3-460b-83be-103b7f3ebfc4,3fc0aa04-723d-47fd-82b1-b9520f5e86f8,2026-04-19T23:39:46Z,pass,provider_webhook,
75664920-ef98-4359-a31c-25b459828331,e202324b-8a2f-4ebc-9c5f-205a92a3f084,2026-04-28T00:55:42Z,pass,provider_webhook,
887fc977-3b7c-480e-ab68-2f5d4767cf91,603b1716-cce8-45dc-b403-ea262e47c1cc,2026-05-01T08:02:28Z,pass,provider_webhook,
78d9534d-e8c1-4155-b576-b6d5e2df18f0,43327655-e04f-4e33-aed6-376b831243a0,2026-05-10T14:17:17Z,pass,provider_webhook,
b0116166-1416-4c40-9ae1-c2e3a82e6646,f23a96f1-e308-4878-a0b7-56dc2eb839ef,2026-06-19T10:35:00Z,pass,provider_webhook,
d08834b9-d417-4adb-b75d-681c68bff54f,acb7c775-9bda-4173-9b23-156cde929bd4,2026-05-18T21:39:41Z,fail,provider_webhook,OTP mismatch
c81d36fb-5707-4f20-b2e2-5a42720b871c,acb7c775-9bda-4173-9b23-156cde929bd4,2026-05-19T03:24:41Z,pass,manual,
6aab1586-44a7-48b4-9d48-75b580f07a19,6a6dd2ae-d968-4ebb-940c-e049f14d54a2,2026-05-13T04:43:14Z,pass,provider_webhook,
105a3401-9126-4960-831e-bf9462b56a8b,35c1eb94-d4df-4381-b5bc-f29737d3ccfe,2026-04-12T03:15:49Z,pass,provider_webhook,
da9bbf54-476c-4ec2-8d60-3e05f84d92c7,f2f6a8a4-32f9-4087-95c7-a52b80f7de7e,2026-06-25T09:12:53Z,pass,provider_webhook,
5cece655-b7d1-4e2c-8961-a8b2908788a4,6008be37-07cc-4bf3-9aee-81701304013a,2026-04-14T17:12:38Z,pass,provider_webhook,
4671a199-247e-49b0-9501-d8d206d469d4,382aec49-fd75-468a-97f2-e052fbbbd3ab,2026-06-12T01:13:10Z,fail,provider_webhook,Document hash mismatch
70633d53-792d-4a1d-a192-a5e0136a5417,70acafa6-460b-4d23-80df-1a8334909ee9,2026-05-08T00:31:15Z,pass,provider_webhook,
444dd23a-1617-4476-9caa-570797bb15c9,b5d150b2-f57f-4a11-b08e-944d2fac4e04,2026-05-26T01:07:37Z,pass,provider_webhook,
c42fa1c0-9d1c-4434-912d-b9d6de96a4e6,e9bd97a8-1f42-4835-96fd-624bd0ce1eee,2026-06-08T21:46:59Z,fail,provider_webhook,Document hash mismatch
1b37ace4-7fac-4f76-970d-4973bd069933,e9bd97a8-1f42-4835-96fd-624bd0ce1eee,2026-06-09T03:23:59Z,fail,manual,Manual review inconclusive
f3d365d7-8e16-480e-9123-52043907a539,ae9d81cf-e7ba-49cd-9505-6c8d5da156a4,2026-05-29T06:51:34Z,pass,provider_webhook,
5fda3342-4511-43d3-a143-592cd0013d2a,7d946183-ca2c-47bc-a4e0-3cce40d7c032,2026-06-02T13:47:48Z,pass,provider_webhook,
1d5fd537-46be-4b5a-aa07-aebaf3132459,b7408e47-b6a2-41be-9065-40ccc195300d,2026-04-20T02:25:30Z,pass,provider_webhook,
87bf165a-3575-47cc-9834-fac1ab42928a,25d9ca7f-eaa0-41c2-8b74-d707cabfc817,2026-05-13T16:20:46Z,pass,provider_webhook,
3e6c6701-708d-454a-af5d-11e097056e13,94076468-a759-43cd-915b-0bd4c968976b,2026-04-24T06:18:38Z,fail,provider_webhook,OTP mismatch
4af5cce6-3aca-400b-96f6-27b0a9a53ab5,1edafe42-e16a-42d3-a929-189f5291479a,2026-05-20T16:48:29Z,pass,provider_webhook,
191641fa-b52d-46d1-a70e-7fa08030ccb2,ba25756e-cdd7-438d-bdf9-c1437d827eb8,2026-04-25T05:15:21Z,pass,provider_webhook,
1ed2d113-e5e9-4f55-a226-13f455e4be5e,6f0ff183-406a-4190-8636-72213ed9a1b8,2026-06-25T22:32:44Z,pass,provider_webhook,
77a76b8e-c1fd-4324-96d2-dcd9147e740f,dbad2e0d-99dd-4b55-bb32-2adf8227d5d1,2026-05-07T04:17:37Z,pass,provider_webhook,
bda3d2e4-fa27-4416-919f-b51e935004d2,9b8069e8-6200-469b-bdf3-f97af9e6ac12,2026-05-29T12:16:01Z,pass,provider_webhook,
d73d7310-0486-49ae-83ef-7797da3b1c8c,dda73a9c-3c2b-4d91-a0ec-7e4c686ddd1c,2026-05-26T21:42:13Z,pass,provider_webhook,
9232b965-9f35-4d80-8e34-378acbaa8316,6345e40c-ce0b-4846-86c2-677c9d59a237,2026-06-13T04:04:05Z,pass,provider_webhook,
822f2ad1-3237-4448-a139-b5807e1ca1d9,c072e62f-e7ba-4cda-8993-21e4fe8a847d,2026-04-29T15:10:59Z,pass,provider_webhook,
0e11c3b5-1e5a-48c6-a672-726b4e65b28c,1f9cc02c-c73b-49ab-9296-d8c8b13583fa,2026-04-20T04:12:10Z,pass,provider_webhook,
1e415128-915d-485a-a9ae-4fc81f97b6c3,20b8d68e-199c-4559-b049-d01b543181d2,2026-04-21T23:22:16Z,pass,provider_webhook,
998340b5-4d89-4e6b-85b2-c2f2b42c9ee2,2ae28390-9a5a-45fd-874c-6215eefd6561,2026-05-14T22:45:27Z,pass,provider_webhook,
83e473a9-307d-4a50-a295-2bfa1ce3f3ac,8d620ffb-6a2a-465d-887d-5a1263308b02,2026-04-28T11:38:43Z,pass,provider_webhook,
bbbd36b1-a331-4dc6-bfe6-12922a12fb22,df80d2f2-adff-492f-b55b-89c382c9a055,2026-04-23T01:39:36Z,pass,provider_webhook,
77ab64d6-c272-483c-8f48-eb5c9784c354,29544720-69fd-44f1-bdb8-fc760dfaa6d6,2026-05-25T02:03:50Z,pass,provider_webhook,
5815a95e-d5a4-43ad-890c-376ae02aab38,480712eb-a4ea-40e8-a819-c365af18cf24,2026-05-07T12:50:05Z,pass,provider_webhook,
83572cbe-887c-494d-8903-749b017e4b5d,807ff336-ca10-4ab6-ae6b-257f97494c47,2026-05-08T18:42:25Z,pass,provider_webhook,
1781596c-8b75-43bd-b244-01643938feaa,090f77ed-9909-47fe-bd16-0db593fd7aeb,2026-04-29T19:40:38Z,pass,provider_webhook,
571691df-4f76-4fca-b88c-e24c8e875142,9ff27914-eceb-45bf-9355-9816b2eb169d,2026-06-14T00:26:40Z,pass,provider_webhook,
9c7f0f0c-79d3-4348-ae6e-ecf11b390699,bcd3178f-0b03-4d75-8f3a-b205ed61e024,2026-06-23T21:50:08Z,pass,provider_webhook,
485c5e72-9432-4191-bc31-fa4b05b6a3e5,0d444121-ee37-44a6-afdc-dfefd41ac167,2026-06-19T05:05:33Z,pass,provider_webhook,
f566468e-e78d-4f35-82e2-c70253806be6,5d202a0e-702b-42de-8a80-d61f20c34c25,2026-05-19T18:23:48Z,pass,provider_webhook,
eb86b93a-11ab-4dc7-b93e-87c7ac9c614b,1bc7a856-d497-463d-bd8e-b79a89bcdf0c,2026-05-19T22:18:02Z,pass,provider_webhook,
2b7390ec-f767-49de-a39a-3b6c2cfacb51,68a2c604-2dd8-416a-9142-7b067c48fea8,2026-05-15T14:38:13Z,fail,provider_webhook,OTP mismatch
2eb94ee0-c1ce-4154-9f93-abeeb1e4bfff,68a2c604-2dd8-416a-9142-7b067c48fea8,2026-05-15T17:31:13Z,pass,manual,
4ef2e595-bc37-43c5-87f1-bfbe3c6e7ab4,4e570866-7f97-4fe1-ba76-a635a6a44283,2026-05-15T16:46:27Z,pass,provider_webhook,
01de056c-4173-4c48-b8cf-193c39f12ef6,2529a951-5b14-4dd2-b951-b86125c00533,2026-05-02T07:53:27Z,pass,provider_webhook,
4257443c-402d-4e77-8b58-84aab1336ad6,10037f00-bcfa-431b-826c-92acae8f393d,2026-04-05T23:16:50Z,pass,provider_webhook,
d528e45a-698a-458f-bd00-9dee3babd919,3117521c-e65f-4bee-8ce8-2cb1809292ab,2026-05-04T19:50:16Z,pass,provider_webhook,
d7bcb34f-f989-4da4-9adc-7490e1c27f34,bd704d3c-7a0d-44b2-a335-e73b39ce8356,2026-05-18T02:32:49Z,pass,provider_webhook,
b834d6cb-7f73-4491-8bd8-6f8fef6d9dc3,608d5131-30d4-4afd-9044-9f4a45edcfe7,2026-05-17T22:07:33Z,pass,provider_webhook,
90b9b28c-52bd-46f4-8c5b-e019df38950f,854a57b8-0b16-45c9-b804-9c17730b17a0,2026-05-17T19:13:33Z,pass,provider_webhook,
55fa05f2-0bd7-4d9a-9fbe-284c65eac9c3,9d1ce89f-4a53-4edc-8895-17c8d2f24235,2026-04-06T02:34:26Z,pass,provider_webhook,
f718dae6-e89e-4264-b016-5a91d96fb135,0595944a-e2ae-4250-9c38-a030e034486b,2026-05-03T05:24:49Z,pass,provider_webhook,
430b8a67-7a46-4c82-9175-502972e8528e,329badc2-09f3-4ff3-8422-e185ef102e4f,2026-04-21T07:33:07Z,fail,provider_webhook,Document hash mismatch
34c25200-0890-42e1-82fd-95020a60bbf8,329badc2-09f3-4ff3-8422-e185ef102e4f,2026-04-21T10:39:07Z,fail,manual,Manual review inconclusive
70980d65-5361-418a-adc5-e1c5bea72682,4b024e36-6adb-4feb-9ce5-8fd8060a0a01,2026-05-21T15:36:32Z,pass,provider_webhook,
88c4af10-acbd-4c56-8f8e-57fd18d7762e,9860433c-a60e-40de-a1b1-845366f21237,2026-05-19T09:26:23Z,pass,provider_webhook,
56e797c3-6a8b-404f-a53e-6250718175c5,8b0f9680-85af-4040-9b11-085f0d2c164e,2026-04-06T15:39:19Z,pass,provider_webhook,
0b06f9e3-3a92-40e2-9c23-3fb570455a6f,757dc9be-b945-4f85-ad9f-c6f527ef3f03,2026-04-14T16:53:38Z,pass,provider_webhook,
19694566-4205-4861-88c4-14a3d10995f5,bb98b65c-7a28-463c-aebc-d4e4e3c9c102,2026-05-25T09:37:26Z,pass,provider_webhook,
1d3f7360-6018-4766-8c35-bfd84feaf9ed,44fedf3a-ac23-46ad-ac56-40c48b89807e,2026-06-11T05:59:57Z,pass,provider_webhook,
6fd56f9e-ad29-4d7d-87e2-47372e1ee744,ac7cbc79-c2b6-49af-b1e7-38f7f8b5f872,2026-06-12T20:53:13Z,pass,provider_webhook,
9235b9b8-6017-44f9-aa53-712d011953db,33ffb6db-b349-4633-a4f6-e819464e4c0f,2026-06-06T00:44:00Z,pass,provider_webhook,
6beadee7-1696-4971-9f2d-395dda39456d,0a98712d-3a81-4a45-990a-8b6303b35a39,2026-04-09T18:51:32Z,pass,provider_webhook,
fb170503-0a65-4870-a1eb-300990e89aca,43e523b6-9e04-4076-8a7e-043d663c1240,2026-06-16T06:31:57Z,pass,provider_webhook,
c21ac783-3e9b-453a-82e5-3ffd6538eacd,19b07bed-6c34-4863-b4fc-8f705b6e8467,2026-06-20T08:14:41Z,pass,provider_webhook,
aa99ed33-aa7f-4542-8e61-3da92ff2fe23,c642a1dd-743d-4dfc-8868-5202738ce7b4,2026-05-27T01:06:16Z,pass,provider_webhook,
ff907825-130f-4708-843f-b7a57264e8a0,99c742fe-74ba-43a8-a671-8b924cfdb1d3,2026-04-18T04:26:57Z,pass,provider_webhook,
b67c9c90-36de-49bc-915e-d6d2f4100103,ac56bcd1-7da8-4f51-94c6-c66ed9d350ff,2026-05-11T12:37:34Z,pass,provider_webhook,
02bc6c93-26d6-4074-8ce0-89fa7924684d,560c32bb-c7b3-4143-b491-e99383a3bd8d,2026-05-17T07:04:42Z,pass,provider_webhook,
8a2a73ac-9bab-4ae1-ac6d-e82c02da38b6,f0f32472-04dc-43e7-8234-bc81ccb00cbf,2026-06-10T07:01:59Z,pass,provider_webhook,
cc2fa455-025f-4b9a-8da2-7b10e45eb5fa,58a0982f-4691-4abc-ae3d-32b46829e620,2026-06-22T05:29:20Z,pass,provider_webhook,
2ef70fa5-0c40-413f-81a6-717655f459a2,9bf17475-4c3c-4835-8a14-a796655bcfbf,2026-04-30T17:36:41Z,pass,provider_webhook,
0bbdcae0-edf8-4210-b787-85befcad66cd,e5155b97-d1f2-4e86-961b-0bae290338d9,2026-06-19T15:09:27Z,pass,provider_webhook,
446d67c6-9198-476e-9abc-cebf2b3f1fc4,b4d384d3-c42d-4b67-ba8b-ec445aa26d5e,2026-05-21T17:56:29Z,pass,provider_webhook,
3e6810e1-887f-457b-8f37-baa0b8a03d93,e465c16b-43cc-48e5-aba6-d605fd3ed619,2026-06-01T21:34:22Z,pass,provider_webhook,
1e12b2c6-46e3-46d5-a4f8-02cdc79c3864,d7eddbda-481d-45c1-a20e-e126268433ef,2026-05-08T15:29:35Z,pass,provider_webhook,
ae20c484-7a17-4904-8958-ebfd74e2e56c,ec9a26fb-d256-42ba-8dbb-16f02f9f75a0,2026-05-28T05:37:39Z,pass,provider_webhook,
dc980386-8b3e-4274-86ea-7b1c1f57d956,4b36d95a-6285-4762-bf48-da90460e1417,2026-04-26T02:18:54Z,pass,provider_webhook,
554677db-b90a-45de-a0ac-d164740307ba,549c30a8-352e-421e-be9a-0574e38cb9a9,2026-04-05T22:58:01Z,pass,provider_webhook,
179deffd-337f-4dca-b7bc-36f8b0c22905,1a5eee29-3c5c-45a6-9a5d-24d8c14555e4,2026-05-14T00:36:58Z,pass,provider_webhook,
6a1663b8-3dda-4337-9f44-cae886372fdf,cd79a5f7-b74b-4774-9d6d-a4c0c8b9a1e6,2026-06-14T19:42:43Z,pass,provider_webhook,
bdaa31d8-1f8c-4344-bdb3-2191c106da7d,f51b5c50-faa8-416a-a934-5382a9b8564a,2026-04-29T12:17:21Z,pass,provider_webhook,
6361840d-f72c-4550-a89c-7a01e146cf06,978d5fdf-1d90-4a52-bf5a-8ad0fc6ec5db,2026-05-09T14:25:14Z,pass,provider_webhook,
87582d75-500b-4448-95f1-5da152e0a4de,ed595634-2ee3-405a-bbcf-10bfae00d7d4,2026-04-30T02:43:44Z,pass,provider_webhook,
ecfe8374-9cda-42d6-b08d-02cb254bc682,d6894993-5b88-41a3-afd2-66ccdfd98289,2026-06-03T22:33:13Z,pass,provider_webhook,
0d7f4381-52c8-40ac-84ae-b07f9e43ab36,5ea153e6-144b-4f03-afe1-7b688d9d3a19,2026-05-10T17:40:21Z,pass,provider_webhook,
c840dd72-72c4-402c-b075-bde06a675e20,4375ebfd-601d-44cb-acd0-57857e37a46f,2026-04-25T20:36:10Z,pass,provider_webhook,
f9860058-8768-4541-936b-e7a50e242912,b9efb178-3982-48ae-809c-bbfb6d0008dc,2026-04-08T13:15:51Z,pass,provider_webhook,
dfea82e6-294c-465e-bf93-b6ba0cfb4ed3,36d5f4e2-53d9-48c0-85bf-bee4d5fb67fa,2026-04-27T08:05:12Z,pass,provider_webhook,
dfd39345-5d98-43b4-96d2-19173c71d14e,aad51a9e-6451-499c-bc55-ec0584ac87ce,2026-04-24T00:43:11Z,pass,provider_webhook,
7a181392-b364-40f5-a69f-d42d90cc95a5,d7c177b9-e8d4-4f05-890a-475fb1a6c600,2026-04-24T05:55:17Z,pass,provider_webhook,
af4713e0-1f9a-45ce-97ac-3da298415cc1,0d9d4e5e-968e-4af8-9a0e-e6f7409c04b6,2026-06-09T02:26:14Z,pass,provider_webhook,
2413a3d0-9fb1-4ee6-9d7f-679cb6d2b8f9,3acc0a40-c982-40b6-ab3f-39a8442e7d6f,2026-06-18T18:30:13Z,pass,provider_webhook,
7dd0bae6-d833-4246-960b-401a845c8cd4,7b60a7f1-ea19-4635-a6c6-fc243a107db7,2026-05-20T08:36:43Z,pass,provider_webhook,
8c57e514-09b7-4d70-bc3e-1e055bb0732d,dded5794-6b08-4dc3-a703-16035cd5b84e,2026-05-25T12:53:23Z,pass,provider_webhook,
2a240d80-8878-4d45-a89e-7d870b5d29bf,817def23-a44d-4f25-a33a-0c6426f5ea55,2026-04-27T05:18:51Z,pass,provider_webhook,
3637053b-fe7c-4aae-a191-edf744a99468,5fbd3aad-0de7-4806-9214-ae20e3f5f745,2026-06-20T12:32:10Z,pass,provider_webhook,
d36770bb-de89-4755-aea6-c3aadf2a87fa,b3c29e57-4de9-44df-bdc2-d9c31bd03c01,2026-06-25T01:12:52Z,pass,provider_webhook,
56ec205f-981a-4458-8ec9-a398a156e08f,4cfba5ad-614e-4f60-9467-9591ef5dcba2,2026-04-10T20:01:03Z,pass,provider_webhook,
9a29550c-6ee1-4831-a0f0-2e3b06c81a86,b31397cf-0e10-4632-b957-ba5a6917ef83,2026-04-22T20:53:06Z,pass,provider_webhook,
d0df2d95-2938-4a93-9c58-9e5aa8587328,6c706734-a7e5-44e4-97d0-4b860dcecf67,2026-06-07T17:19:47Z,pass,provider_webhook,
5c6bbb0e-85d2-42c6-9ec6-6a80afde33d4,93f26bca-c259-4663-b206-f71aedb8bd9c,2026-06-13T09:04:48Z,pass,provider_webhook,
d291e587-17a4-4ca2-9b3b-b885a52b1667,7c4f3591-431f-4654-b250-77a01d178d25,2026-06-18T05:56:41Z,pass,provider_webhook,
e3960066-7fb2-463b-9c6d-4c9c49eeb0da,5f79d532-e64b-4610-9715-aa8a262c4c92,2026-06-09T06:53:21Z,pass,provider_webhook,
2785465d-c0dc-4272-97f5-132b71b36af0,967c6758-1e21-4d76-953a-3e9e37130b8c,2026-06-22T00:11:37Z,pass,provider_webhook,
a693624f-3527-4bca-88a5-25d5e4fdf340,614702a0-44fd-4b1b-868f-920302285097,2026-05-19T09:43:53Z,fail,provider_webhook,OTP mismatch
37330c56-df21-4d4f-aca4-4900d8a4e378,614702a0-44fd-4b1b-868f-920302285097,2026-05-19T15:26:53Z,fail,manual,Manual review inconclusive
e2c2827d-ac93-47b8-853a-82f8cd7fe3c0,2bf698d9-19cb-4aba-b572-92790b7de19f,2026-05-12T14:17:49Z,pass,provider_webhook,
796d7dd0-289c-4724-b2ef-11c2861874a3,eed18e6a-079a-4358-84e3-e0fcf81c3c9e,2026-06-26T02:33:19Z,pass,provider_webhook,
d488af14-f583-4475-a74c-9bb8699d1aae,73cc7957-049a-4f24-9a11-5dbddc52082e,2026-06-07T09:00:18Z,pass,provider_webhook,
2c98d5e4-770f-4d2f-b9d4-557315b03ea6,80dea072-13e4-4e52-bfe4-bf04f590f2e6,2026-04-05T03:39:55Z,pass,provider_webhook,
8c1582c8-b9a9-46d6-a9dc-91dc1207e3f1,9776d740-2401-4bdb-8621-4be4d127ae75,2026-05-09T00:37:46Z,pass,provider_webhook,
ce677d2d-bc85-4d5f-8f71-075f0ad6cfe8,4c06e557-5936-4c2f-a055-95831eeaf128,2026-04-04T00:33:30Z,pass,provider_webhook,
18941ddb-bcaf-4fd0-8fa3-a2706bc9fbbe,040118d1-5041-441d-a354-1fd7f90c62e8,2026-06-02T03:12:05Z,pass,provider_webhook,
a2e49f45-76bc-4bf8-af5e-174dcc029cd4,bdc786c1-53b8-43a8-92d1-aaf70488641a,2026-05-16T18:08:39Z,pass,provider_webhook,
339ea1aa-b96a-4967-a190-1913c37bbcf0,643f112a-6b07-4e2d-b39b-0119b30f427a,2026-05-13T08:04:06Z,pass,provider_webhook,
7844949b-853f-4927-9f1a-09ef4075e29e,30c8a08f-e75a-484c-913f-8873f4957c97,2026-05-04T00:23:02Z,pass,provider_webhook,
9bdf962d-712f-4226-9705-7d12fbb4edb9,5bd334c5-8fb3-4fc4-a1cd-37e653588b37,2026-06-12T03:07:13Z,fail,provider_webhook,OTP mismatch
e38a3c67-fee1-4b20-9ac7-0036f8a7c4b0,784f13ac-33a7-4d50-8090-3e179971f915,2026-04-08T02:11:44Z,pass,provider_webhook,
d2465006-94e5-4880-9908-230db0c28769,36c3a6a4-b5f1-43a2-8b1b-43317bada4d1,2026-06-09T00:39:01Z,pass,provider_webhook,
be02fd85-4b73-4dfd-b466-38341825afa1,7978928c-3458-4fbe-a595-fc28ca8bfd15,2026-05-10T18:34:53Z,pass,provider_webhook,
4eea34c3-f0f9-4d21-acab-148079803a14,3aa96ffb-d4d1-4c91-a5bf-159c2c2b3432,2026-04-19T03:56:03Z,pass,provider_webhook,
84b572a7-c1d0-4f57-a426-cc9994904ee4,fbbc4fe8-a108-42ea-b338-2f7549243bb4,2026-06-23T07:01:33Z,pass,provider_webhook,
8c08fa03-bb8f-4379-8102-77ba95aaffef,a982f121-1a3f-46bd-a255-8aa9d124a5df,2026-05-03T00:58:55Z,pass,provider_webhook,
4375cd3c-693f-4781-a654-05739b4a9142,2adaeb48-bdcd-45fe-ac69-b68ab9418a40,2026-04-09T03:07:07Z,pass,provider_webhook,
e2144557-c2dc-4f1a-99b0-53e739e5e162,cddfb4be-c453-4105-be12-219a130c1484,2026-06-03T19:29:54Z,pass,provider_webhook,
